"kmeans","kvar","kplus"
60.9702745899999,341.568212814585,22.2889126769354
59.2172881671217,331.968169730038,21.6543019705135
44.1654111671918,460.139057424195,22.1530131648967
62.6830903919005,424.396047885786,24.9832774348182
62.0077865078158,368.555225863867,23.266206117805
53.5934290872306,387.051764975118,22.0438326380627
62.6369445917635,414.109292450597,24.683192590286
61.8647094580744,363.001679553896,23.0796964888789
60.2729115948549,340.475786531519,22.1134597594971
46.7267048612972,459.676601869569,22.6710465080995
62.6546104816309,428.827827204079,25.1025333780695
62.4240871700207,375.726169142581,23.5550478718924
55.3600180993159,393.44376680572,22.5906630802755
62.6901500878117,419.155414768587,24.8367364539302
62.331757918081,370.390796471958,23.3852226034475
42.0140576672748,460.178012232166,21.7080220508848
62.5714659033879,423.794128425009,24.9431323956625
61.5458488352269,367.594627315205,23.1432925800605
52.0679921510923,386.193164704821,21.7032791278958
62.4609839416678,413.426928011,24.6274352954012
61.3628023629591,362.012512316724,22.9476883097624
54.9054507886311,427.816212447598,23.4671460638975
50.3630619432421,455.840213264318,23.3167124090937
30.2088037841945,450.487947597371,18.9864933804083
54.1491021921529,436.338760718288,23.5510063066937
49.7787649800351,456.966476515355,23.2273639136161
62.2258528711613,441.881175622121,25.3822787332559
60.4351523561509,449.596904381556,25.2288761787034
61.0738967176149,458.027008939638,25.5994034358715
62.3317122810893,439.347225502953,25.3326658061168
57.7489434854737,413.261735966266,23.6457106054782
62.3896123900084,434.328827298058,25.2029430874215
62.6808210619488,393.649755296145,24.114476685743
60.0196972806954,443.684900484025,24.9757644559639
57.376429706762,409.261809482166,23.4555034025178
62.4737032161238,431.335433257671,25.1358408456818
59.7501270164431,337.096680816749,21.909626425997
45.4243465810283,459.897233097639,22.4072286234136
62.693129710087,427.084376384696,25.0612823216893
62.2323174400361,372.883477502236,23.4350010075882
54.4691249882027,390.913668441745,22.3344785366347
62.6863759961346,417.165424890901,24.7797530148473
62.1137130802743,367.460550609267,23.2572548088231
40.5354484891991,460.266240748296,21.4039185884069
62.4337342340374,421.918274893686,24.8615957614902
61.1778282074356,364.61953296292,22.9829601379643
51.0008481421723,383.530663628907,21.4068090064631
62.2809589521839,411.304535421374,24.5301662785264
60.9685066273457,358.949863742094,22.779434937346
53.9881454174233,429.540095859115,23.3256248785395
49.2154676135936,456.464855854873,23.0963954158117
28.3620860734173,451.425183464296,18.6300387077897
53.1895035008118,437.816105071502,23.3937527386331
48.6048955425645,457.503564883564,22.9991259900139
62.4191360502379,440.541736165222,25.3845285682795
59.9293121540989,448.570058201028,25.0949883343905
61.4551755349989,457.540271245399,25.6647166961166
62.4987203523438,437.92023182371,25.3269947108202
57.0128143249809,411.135648964776,23.4330269532413
62.5406022489517,432.742848782857,25.1894605397425
62.6175401747625,391.12352079594,24.0300097825224
59.4715637585101,442.411515245194,24.8261442289484
56.6140254384471,407.04816825833,23.2348988199607
62.598417967245,429.661900520125,25.1144373676826
43.345321118179,459.959058327328,21.9778809023915
62.6538332586422,426.505327345637,25.0367806755234
61.842707804515,371.945749375291,23.3277308628335
53.0160160891321,390.077938593167,22.0095684194577
62.5827433831066,416.505930873022,24.7396391129524
61.6841340222268,366.494253793814,23.1408900226964
55.7139147084004,425.15707595496,23.5596853467919
51.3860174770452,454.820999911138,23.5000416949001
31.8829242867494,449.002386072449,19.2916736750035
54.9969581981067,434.047428167043,23.6621011272783
50.8261932038179,456.077882579178,23.4194566295836
61.9999123093145,443.792115094407,25.3893974474165
60.860376763056,451.041495682101,25.3578459016528
60.6728566279188,458.66582921386,25.5342876848103
62.1302444092221,441.388784392242,25.3485479504384
58.3886595064124,416.346250406269,23.8654703313397
62.2030639143461,436.607570711738,25.2286173392724
62.6938448041154,397.331237324893,24.2211488329767
60.4843137737849,445.497295725964,25.1232897166035
58.0406184176804,412.476943339172,23.6840265585403
62.3116274304412,433.744796088354,25.1702785276936
52.4948584612064,430.092427911093,23.0315850358
47.3718674733004,456.658508818965,22.7195870744833
25.4549866695748,451.720834706754,18.0355903940391
51.6318803830118,438.28799214466,23.0841006401645
46.721325979745,457.668649159148,22.6132230073136
62.6152649213493,440.094514860567,25.4125663018074
59.0619417616608,448.224835174739,24.905386095496
61.9372814286034,457.371284049809,25.7599106725042
62.6548798009287,437.444441830545,25.3459378029762
55.7951307484665,410.431746850601,23.160656215758
62.6723949584799,432.215182499382,25.2018860175413
62.4233864392712,390.28905171489,23.9661843760895
58.5398572044888,441.985847240085,24.6209297343248
55.3563724394063,406.315697455646,22.9534334411054
62.6902412542468,429.10566554814,25.1177682041095
58.0387662126803,407.791034080953,23.5513040535067
43.8090415780789,391.970551338561,20.1539182706746
60.2316878624043,359.73405002837,22.6487996064628
57.6771306013206,411.849339300448,23.590931329496
37.0254587876566,438.400964940947,20.0585945517346
57.4500296150528,418.801450404466,23.740181112298
53.9288654624351,448.917451111317,23.8605840634075
42.6410903861488,404.621312088606,20.2690192525607
36.1854499876573,440.99329379551,19.9576275519026
57.0666254198807,422.400311702742,23.7623190736867
61.9377965715487,457.329811573891,25.7588462325761
59.0608133524505,460.309588474575,25.2464471240223
61.1678019754249,451.118089947674,25.4237548384545
62.6154317675837,459.197444585097,25.9521017384179
61.7879441446844,456.26192705825,25.6976148010826
59.3675655304133,460.248236402647,25.3083206537494
61.6899534949439,453.905675729183,25.6107513258318
59.8958589805105,428.970869637108,24.5345356165727
61.4774049093102,445.594165755215,25.3319466940147
61.518332484267,452.378347292323,25.5320305797376
61.8052656379643,333.855920429945,22.2442423160431
51.2506766507111,460.062744447869,23.6200144877386
62.0329585267265,425.391363827849,24.87657963817
62.6861701759136,370.150302011237,23.4519193297156
58.3049903674531,388.476286132136,23.061023671486
62.2307989477751,415.239123335522,24.6308851995353
62.6946717737822,364.644526432999,23.2981892361742
47.2143931057248,460.306465272642,22.7899589731144
62.6261775975197,420.099975510955,24.8501475983535
62.484295490156,361.761070646037,23.1731329804741
55.6893280682656,380.967994493413,22.3066086616969
62.6779964506674,409.252947040111,24.5545529835969
62.4020798676965,356.008552739941,22.9936238850796
57.9517802290673,431.128068213419,24.1923466896816
54.2931263444756,457.012665275024,24.1647382326004
36.8217574476723,452.268786065837,20.4080083373024
57.3577324474569,439.170788427274,24.2963094179824
53.809660231077,457.968525618447,24.0914849120264
61.0102935280766,439.231021678297,25.055382837224
61.9024822753104,447.555136895493,25.4754694160589
59.1369032286006,457.036430694094,25.1697848276217
61.2169837878129,436.526668651515,25.0218650849885
60.1000083654305,409.080564725088,24.0151290405563
61.3363538617914,431.1988452974,24.8961496768943
62.4498275294697,388.689794689593,23.9265011623373
61.6493280147227,441.163304941127,25.2424601788241
59.8283254365271,404.910235333373,23.8410170124995
61.5212755377152,428.035048349398,24.8451426100581
49.5473076613701,460.110063531271,23.2681508747426
62.3693185487899,424.797808642504,24.9295621000303
62.6722170139007,369.198067738006,23.422133292987
57.2275379418907,387.626050137271,22.8135976623351
62.5028228082554,414.565123171357,24.6682554056665
62.6407491892429,363.663723471258,23.2593085580737
59.2005914467098,426.855828988861,24.3306367455776
55.9867181345926,455.479590010887,24.4726140993325
39.8656375876697,449.956769353588,20.9738728921598
58.6882290714172,435.512892202413,24.4688873942713
55.5539998189957,456.653623993657,24.4160451392397
60.1141117138185,442.592181287079,24.9644813040047
62.3565888109328,450.137355056163,25.6425565709649
57.8776262481859,458.272769342152,24.9435854039591
60.3715497713566,440.106001899644,24.9476479122503
60.9988954735274,414.401946846178,24.3518020062984
60.5218574538512,435.174347905878,24.8395360640678
62.0491740854879,395.008291898143,24.0218698004352
62.1851199566629,444.359866101494,25.4438352541229
60.7779603424258,410.449791093812,24.1943743387227
60.7575269275767,432.228724597225,24.8052133577128
56.8341497463587,431.66589411911,23.9757909549683
52.8251826776908,457.19181209283,23.8654139992982
34.2903145173379,452.549931162009,19.8910441315779
56.1757658031652,439.628169354145,24.06414142754
52.3017471417657,458.119103747743,23.7830660373523
61.5820788726962,438.769294227355,25.1609046787781
61.4107683563806,447.195407722917,25.3633512851906
59.9946655957134,456.852937352217,25.3424629120355
61.7487997099061,436.036372512063,25.1182922851706
59.2579812624243,408.362156464626,23.8202424110992
61.8438030448279,430.656672867638,24.9860592627193
62.6313302674866,387.840819462256,23.9401598639306
61.0932779342097,440.723130789731,25.1147297922267
58.9463289109946,404.163258384402,23.6370357416704
61.9887552982253,427.464307231127,24.9259575545111
60.7767716121888,409.872085184775,24.1778124047562
49.9290596209603,394.347395623773,21.490053434648
62.0602634776759,362.621975067813,23.1095218202729
60.5422419584596,413.847541719001,24.2414557859693
44.2595007497761,439.737646292007,21.5963507213547
60.3926291495625,420.649212509757,24.4025243317548
57.9080007388122,449.875490595717,24.7127295255273
48.9657025640314,406.764867375286,21.6409892847415
43.5465979074073,442.2471264613,21.5193998267464
60.1363309120208,424.165225122764,24.4486783983672
62.6853372806248,456.807969017874,25.899113854352
55.5169116339168,460.298826672789,24.5113017956348
58.6604359987586,450.217605524998,24.8784117527302
62.4535426924229,459.482475964701,25.9265832227544
62.6625908113909,455.657235816963,25.8618985280822
55.95076976951,460.154625915591,24.5971914305857
62.6420883390212,453.150544174635,25.7868538158149
61.8845295664552,427.326015461669,24.9004403492189
59.174633067645,444.460392334008,24.8224384764976
62.5975732859747,451.540367052504,25.7321491749445
48.3631946399554,460.223925972832,23.0258362495851
62.5260830361003,422.947589036612,24.9098143031784
62.5986925427704,366.248607311151,23.3235896882112
56.4548900896318,384.989182986787,22.5789163782227
62.6172939754325,412.468364507162,24.6327752261121
62.5409496102905,360.626708822059,23.1528440229776
58.577782232163,428.605346325808,24.25090439754
55.1336199616051,456.129866526871,24.3140859433709
38.3134160335536,450.919639145943,20.6792070568617
58.0231265367371,437.015870481057,24.373422663531
54.6746265381861,457.216346287297,24.2495960529578
60.6018910495561,441.278375755611,25.0285199763487
62.1452447655418,449.136142801065,25.5704575639724
58.5534012222309,457.811665573344,25.0706875015245
60.8330539992721,438.704642145832,25.0037656542741
60.5572624696956,412.301493770119,24.2009071913819
60.9673434694555,433.614003316107,24.8878423537092
62.2803893549626,392.507691323368,23.9991917345351
61.9314825911386,443.112114788093,25.3560038644277
60.3100522307719,408.261783795407,24.035558593486
61.1767378353589,430.580825785109,24.845598717034
56.0350896340052,433.283008744118,23.8557730291386
51.7958336068965,457.709685896876,23.6666002655446
32.561842065415,453.380398242425,19.5560927184877
55.3344123706783,440.99874492085,23.9283911190078
51.2461229631494,458.549423329443,23.5763313732784
61.893607310627,437.323085983948,25.1846577733301
61.0231734131828,446.06179275588,25.2509667004061
60.4941896719516,456.25943087147,25.4292794318089
62.0340530400148,434.502610046311,25.1341244494024
58.6400973607858,406.129300676627,23.6290620183907
62.1130381626254,428.963925565928,24.9940799745687
62.6862946391546,385.207816175541,23.8771962202384
60.6633896708786,439.342976764391,24.9866128247396
58.302169901534,401.842848374058,23.4379344186417
62.2317153082007,425.684005707072,24.9260573360403
60.3087263482624,412.025613884207,24.1415809481224
48.7618909759053,396.813517599576,21.3176842986777
61.780213852057,365.628205529904,23.1363537888605
60.0479215867112,415.913516196089,24.1973033990153
42.8620431462804,441.104527446847,21.3451857774604
59.8822905655028,422.556202150886,24.3505604924184
57.183391408623,450.842224251842,24.5897813306494
47.7562405988431,408.984450292786,21.4528877660686
42.1228651960894,443.526453393795,21.260313952532
59.599717220139,425.984660541548,24.3887936287106
62.6287571858542,456.210768125262,25.8705157387633
56.3474505585822,460.241734266465,24.6819047846041
59.2767041772945,449.22025713367,24.9780303861579
62.5849582359597,459.737976834748,25.9610485323871
62.5797356087982,454.972480702006,25.8253794821733
56.7550335863533,460.009979286923,24.7598734892347
62.5432149241172,452.306804223719,25.7425233175236
61.5713854054217,425.542019525749,24.7851254953861
59.7486079260476,443.216504884377,24.9063247272227
62.4724247632487,450.609072879244,25.679897746333
57.5324797865221,429.166042653218,24.0499920558165
53.7380043318879,456.331883766396,24.0304051030586
35.854301140287,451.223654663833,20.177886244127
56.9134879295131,437.496121829647,24.1568980660785
53.2390414859426,457.389794838312,23.9568205712736
61.2460044312434,440.839518726387,25.1496852108926
61.7258588836797,448.799284050208,25.4739828260939
59.4834916264114,457.651042653186,25.2590089789281
61.437197958433,438.237216428099,25.1158362474461
59.7875634037572,411.605955931376,24.0216639549146
61.5471206895597,433.094701308064,24.993395332524
62.5342201300473,391.681586517749,24.0284938291182
61.4477605476933,442.694811058416,25.2439168708202
59.5003837423071,407.537677268154,23.8472207156468
61.7165456329367,430.032955088556,24.9420570544769
61.1667937352512,406.57197427054,24.1654839399042
50.9702467127745,390.580936537797,21.5995759785848
62.275186072889,358.049744955514,23.024958890199
60.9567367715016,410.67805022177,24.2378907512782
45.515179455624,437.611110345489,21.7966632682036
60.8220433588093,417.716905536916,24.408751404593
58.5369871658879,448.345922237944,24.7999544937484
50.0462817420301,403.366212230704,21.7690673663684
44.8267493032348,440.251209931785,21.7284758037562
60.5902178112473,421.363537566926,24.4636689013663
62.6921198908228,457.611585896823,25.923215829555
54.6974297475137,460.296672525414,24.3413182968272
58.0405263301844,451.618189992691,24.7894261493054
62.2852257747716,459.013973645585,25.8784507327355
62.6938461115686,456.591472112915,25.8947639334462
55.1557605730866,460.28309118522,24.435971361939
62.6882630354037,454.321964994977,25.8295113287082
62.1302764806666,429.900174897079,25.024095757495
58.5941154852554,446.228780743095,24.752008410763
62.6682206723369,452.84240728985,25.7835701179987
59.4988492251778,412.718137946021,23.9932079860927
46.8885145892712,397.608039939755,20.9516713642257
61.2563137514655,366.598963700783,23.0551370696906
59.1980750411001,416.577471569392,24.0398357956136
40.63835357557,441.540370699141,20.8964043444195
59.008077280835,423.16828123388,24.1865752746596
55.9832316789356,451.147500537261,24.3495452286589
45.8185280506258,409.698527654145,21.0712625758874
39.8592062028526,443.93372795758,20.8024378781191
58.6855345129448,426.568170936032,24.2157137695799
62.4447966265482,456.005737108808,25.8265803805787
57.5129662853189,460.212939080711,24.9227656417015
60.1162734590116,448.88465915034,25.1426403590236
62.6869746991469,459.811179927359,25.9842694170622
62.3558056269658,454.738880997042,25.7723494826167
57.8805798905636,459.952615412659,24.9916397049602
62.2949182032281,452.021328228445,25.6829757036099
60.997142239513,424.9497407329,24.6493269972406
60.5238410461816,442.800461922228,25.0553224443593
62.1841586198332,450.295028195461,25.6112554910473
54.0526042972159,366.83216020746,21.5680066135003
62.6680805733693,329.656411994102,22.3045486334031
61.9992321136531,390.370263555074,23.8805279432865
57.1656875122844,305.303849784187,20.4758468322431
53.5623628066944,372.273682345212,21.6200314903588
62.634443687675,336.104466575568,22.4796784714824
53.2568592391377,381.737500011797,21.8239592795889
48.6869276420136,426.708044007594,22.1464151657809
61.760933066065,403.17581501166,24.1927673716796
52.7448491648036,386.71957822833,21.8584948418468
61.4306885794648,454.274998449971,25.5674221001482
62.4889097579329,459.938043212017,25.946782749663
52.2613611354898,458.985105653247,23.7991492864445
61.6088348782657,455.596863296299,25.6416932307446
62.5915042313675,458.309042500381,25.9220502125204
62.6711494457156,272.604867615175,20.6939475066913
55.9685124261106,456.479933675145,24.4970905679912
60.1253838427888,390.343709734215,23.4912285051805
61.9164763677421,317.492670651941,21.8051748930705
60.9897354111203,340.826438677247,22.2719989256906
60.5321998069038,376.241882282398,23.1773225470229
62.0548059126467,310.584265335432,21.6387523463501
52.8031022712721,454.602546274404,23.7877100542958
61.5894763037298,382.931213191807,23.5854714662928
62.5854750721323,306.982331061226,21.6470635447579
59.2449465020805,331.19703881301,21.6382589168303
61.8502706999438,368.134597761473,23.2216653320132
62.6330873967088,299.82718341686,21.4548619961844
60.7670309029256,451.627547936316,25.3550414472255
58.2462578941002,459.90216773226,25.0660396864886
44.2293278491355,460.166072427479,22.1670294820403
60.3819586643816,455.720681190681,25.3907926560032
57.8926197277375,459.455398337411,24.9800939127356
58.3380146183639,410.655680814622,23.6942570778702
62.6846422174364,423.987579936225,24.9720633475547
55.5357189861881,442.121480136591,24.0018408524004
58.6745328251362,406.548698049569,23.6480468724556
62.0200491833227,367.903030500158,23.2503296683965
58.8730504951452,398.673917474234,23.4668123980174
61.0452574425593,341.101846821985,22.2912896461488
62.6404634999151,413.646161022368,24.6708425907969
61.8781942014553,362.330071370172,23.0635251871607
59.1878001181049,394.107490787962,23.4031128780022
54.6488446389441,456.28166343986,24.2178529665231
60.8454450670267,389.504565230182,23.6168369785686
62.2862244079038,316.294847060022,21.8480148678698
60.2959841877324,339.730613363694,22.0971989280675
61.1879248695586,375.322292799545,23.2873187646819
62.3845845302819,309.357873055004,21.6724976797774
61.5286699325948,449.230827618585,25.4452825137205
59.4526774962439,460.244611374949,25.3258665638197
46.7860358011597,459.729574622057,22.6848450474967
61.2252831003686,453.938303872647,25.5153216428911
59.149787127683,460.016015619448,25.2566051505479
56.9546606161326,415.892359330231,23.5553065552498
62.6515765650856,428.445317003722,25.0911015130597
53.7892698178001,445.233337691476,23.7275924393368
57.3419266207066,412.003550204526,23.5257807103164
62.4317641034464,375.099931528075,23.5389536447376
57.5713818992317,404.52493898954,23.3621497957899
60.1574318106042,349.295862937362,22.3386092948457
62.689083253882,418.718241089562,24.8241686766947
62.3406569193807,369.745146037438,23.3688335239829
57.9368793199931,400.176685942616,23.3151346362559
60.0331016223915,451.91978452332,25.21111172404
57.1620154294899,459.835725231378,24.8393414647143
42.0815861209757,460.201628204964,21.7226912878436
59.5836932222644,455.932472798865,25.2312506770887
56.7684078406008,459.36038714802,24.7443010495893
59.2935011651581,409.948364044993,23.872404930952
62.5766295006811,423.382261444961,24.9325712282143
56.7771825554754,441.692397476027,24.2471449483421
59.5900499494039,405.81281259143,23.8171000841655
61.5617232824911,366.939032921009,23.1280690504672
59.7642008803562,397.886155725785,23.6293479953702
61.6104613827507,340.007282275961,22.3775743592699
62.4681146215766,412.960397552285,24.6157382157273
61.3798988780973,361.337505102514,22.9321699278594
60.0389810807895,393.291160351003,23.5565538339831
62.340145872299,438.719397044459,25.3166835465347
54.9468727329091,428.202491387864,23.4866442672761
62.6947324050862,405.129677233668,24.4415747461839
62.2354441656057,441.292223840414,25.3676344745687
50.4151947374911,455.982764790435,23.3315482503272
62.164978952739,445.54693740995,25.4731839540102
60.7390838217245,459.710195451468,25.5775149104712
54.1924912190465,436.670376179886,23.5693685978465
49.8321198421582,457.089615221457,23.2419049025399
62.0385086622332,447.660320284686,25.5066455674436
62.2156208090026,441.588244195392,25.3718841700824
50.6638509777561,453.731708252071,23.3195342046481
54.8661086223337,428.587467059838,23.4807699244319
61.0549208881008,457.923141448391,25.5925353226174
62.3227022868046,439.03488125621,25.3219763906336
51.2275370603852,452.184877756603,23.39273138642
62.3813474104654,433.981232392663,25.1914126120223
62.6825219176351,393.093683635254,24.0991249081147
55.5892812342865,418.880666909358,23.3565851286763
62.4666603044548,430.968425532261,25.1240155179728
53.7169691986933,455.642870336641,24.0065844194337
61.2544471355011,386.901690079511,23.6281352597849
62.4649375179374,312.592731088388,21.780517341162
59.7755739166374,336.341090668431,21.8935637220232
61.5546336178996,372.47287859057,23.2828846631955
62.5370225324935,305.568202861025,21.5970792227495
61.158098299212,450.227689410753,25.3965962437509
58.8518169044203,460.142232346154,25.1983844859262
45.4860518282074,459.939788869633,22.4212252902666
60.8124181468525,454.688626606511,25.4509029902189
58.5226514280373,459.826082368309,25.1212021423341
57.6946775330341,413.825898253983,23.6503913056619
62.6924701008585,426.691449203845,25.0500485841353
54.717282373009,444.019578377888,23.8857406149703
58.0556684297861,409.849534905933,23.6129445304083
62.2423686807785,372.246822907236,23.4191049078892
58.2691054959999,402.211938854989,23.4415021634994
60.6408846612428,346.042606817807,22.3469773070137
62.6876834695216,416.717834231382,24.7673833650676
62.1249863888908,366.804483194253,23.2410638568143
58.6083278089393,397.77613158572,23.3865660736452
59.486279091202,452.784243603548,25.1221398762784
56.3849039398595,459.600943490644,24.6715738090287
40.6053512502167,460.2794397406,21.4187859528215
58.9945773709415,456.55039282079,25.1265464466245
55.9650212431483,459.038051184941,24.5686124635836
59.8572671842528,407.749500256806,23.9272041035721
62.4412721386472,421.495990933145,24.8512327214978
57.5289442128776,440.346235450499,24.3650075461835
60.1275408606766,403.526394580898,23.8639783264654
61.1960769620165,363.95352158823,22.9679347358268
60.2856735793176,395.440752879295,23.6684147852877
61.9176633355826,336.621623444466,22.3456567936458
62.2904639394094,410.827587982166,24.5186673263082
60.9879774498006,358.26443954739,22.7641146828988
60.5341786719289,390.758203282169,23.5876996935804
62.1243381895365,440.120270199111,25.311498167969
54.031941669018,429.915957818887,23.3453212093739
62.6669203606312,407.38325215098,24.4994527928396
61.9933613750212,442.605542772721,25.3545281656828
49.2699747151593,456.596990400496,23.111429384501
61.9068779498433,446.7012715063,25.4522661927419
60.2667120726992,459.924273562813,25.4856127936613
53.2352668350222,438.137303552606,23.4123131572417
48.6606247120043,457.616286609173,23.0138651063935
61.7541325515154,448.72710015869,25.4778068758551
62.4112782953959,440.238387758,25.3743321325618
51.7466274835854,452.921960300968,23.5211832716855
55.7346143820336,426.83746312373,23.6114346359277
61.4385740128016,457.425986773658,25.6580467103182
62.4920846653759,437.597470596473,25.3165034227928
52.2840384583925,451.287575583155,23.5864595231371
62.5347115767253,432.384836896967,25.1781281917991
62.6216153377656,390.557032154555,24.01485613235
56.4154936738531,416.884123914947,23.4715174574695
62.5937493628927,429.284475814221,25.1028101674294
60.4964970557456,450.542796419475,25.2683099135552
57.8399024768777,460.098660266991,24.9873296571417
43.4106381371153,459.998215068836,21.9925304890598
60.086480741803,454.923288636414,25.3070044042942
57.4707675779682,459.753941600636,24.9010526721777
58.722492116896,413.141451906072,23.8441825517336
62.6567854211709,426.1090011343,25.0261998577847
56.0310739793641,443.613366139042,24.1466881039018
59.0435135911215,409.136519869513,23.7976411351081
61.8563708170146,371.305695749806,23.3124876829497
59.2325839182786,401.447047528259,23.619681153842
61.278416638502,344.970912693502,22.4489054131246
62.5876626282509,416.054941183018,24.7279223829879
61.6990191026004,365.834787348314,23.1253519905029
59.5318368086916,396.98267157048,23.5556504226159
62.4952333885519,436.542149492271,25.2873521703497
55.7531252179139,425.558895663935,23.5791638998799
62.6747203934899,401.680310483416,24.3400089047771
62.4150043718384,439.24559570523,25.3470665285447
51.4359388365297,454.979092205965,23.5148578858431
62.3594585551765,443.737493799156,25.4624081155154
61.1331356419909,459.303490455742,25.6477369673593
55.0381357902359,434.394584397351,23.6804437681406
50.8773366311764,456.21656205399,23.4339779682168
62.2574609546504,445.981496090895,25.5046331591098
61.9874688123913,443.514724436388,25.3789832339525
49.6094344845437,454.852417466744,23.1325477945076
54.0112643469502,431.110914889578,23.3747814096742
60.6516693636402,458.577502491322,25.5273999212656
62.119022980173,441.09198091421,25.3378388846647
50.1975932571525,453.436206388279,23.2145084064404
62.1925875000385,436.275516575053,25.2170672135826
62.6933342250372,396.790706432712,24.2057774050579
54.7738290450875,421.771918680492,23.2691521516088
62.3023730840076,433.393329131654,25.1584335496941
61.6981622686264,440.567204942237,25.2357512174671
52.5422664845584,430.464890840378,23.0519342864497
62.5267214622142,408.108421003171,24.4908620851975
61.5272160315847,443.023908827338,25.2696865738089
47.4299863466234,456.787244334102,22.7352739629879
61.41636586735,447.067761270606,25.3609069865109
59.4502535451864,459.983960529544,25.3180027031986
51.6812554889794,438.605791595278,23.1033139785884
46.780666920942,457.77797185427,22.6286150435085
61.2236510464957,449.065021234487,25.3773530282521
62.6110189382645,439.787767422859,25.403022785905
53.2958444124967,452.647575796527,23.8346701403107
56.9578848659252,426.256275821714,23.8486706203212
61.9242916781633,457.253600547582,25.7538936065211
62.651855885718,437.118281572822,25.336099434764
53.7932859647773,450.984622390204,23.8908517503904
62.6701160580108,431.853771583006,25.1912065894132
62.4310733740315,389.719164043019,23.9516836457323
57.5744279961616,416.22249163411,23.6931411861339
62.6891844216518,428.72484181175,25.1067939236715
58.0707785765804,408.282432563557,23.571819908431
62.3029106681954,379.759290751964,23.6438240216168
62.6927954882149,425.410122268493,25.0139290941886
60.2549564589491,360.414512446455,22.6728419113064
57.7103650330948,412.321324963038,23.6111523321106
62.3991017295369,384.804715595158,23.806261406517
57.4840090615686,419.238185408403,23.7595610549966
53.9728107441803,449.145709359758,23.876142703877
62.6634719836932,434.266086765589,25.2579570030586
57.1018269342705,422.817633886665,23.7814041640755
59.0324279425585,460.310840525667,25.2405966623138
61.1493824007624,450.91086524327,25.4140830745171
46.5384895937808,458.610534086265,22.6019117045814
59.3404021883953,460.230075633724,25.3021753397312
61.4609524172633,445.332277572145,25.3211390178514
57.7510867878387,454.995146482112,24.8247810481018
58.802063471603,384.395442317905,23.0488433406088
61.1265777732774,309.04632039263,21.4028464276326
61.8192268153503,333.090473154062,22.2255196212177
59.3068440890027,369.733341830433,22.7394276122267
61.3257687454639,301.938943479998,21.2434244144438
62.4769060834756,451.127713386182,25.6954742988537
61.284648607922,460.002093387431,25.6988835466756
51.300896175082,460.095443092299,23.63135116374
62.3358200661172,455.355361583409,25.785615913529
61.0825890891694,459.603094724316,25.6457173083073
53.6410079834924,411.827235388183,22.7534018185671
62.0208131946896,424.988579519434,24.8626859097644
49.7541830392304,442.827789447708,22.8229649904361
54.1291048378748,407.768023354864,22.7399711485373
62.6847356938478,369.503790288673,23.4333632391649
54.4200300814593,399.979986990658,22.5803475446118
57.8283449885697,342.920932332585,21.6756249307892
62.2206206983539,414.78167554844,24.615855558904
62.6944593595904,363.978601890421,23.2793382933138
54.8863583520291,395.461331036119,22.5494275599814
61.6577014223085,453.558980753093,25.5942724517637
59.6703501902041,459.335517706037,25.3453273901607
47.2728101439342,460.309807137382,22.8021663466774
61.3705938370491,457.091840971803,25.6345138903171
59.3775734511234,458.689776715064,25.2663821499393
56.656212181554,405.625550565122,23.2034691368598
62.6222297793213,419.66783442285,24.8371245675095
53.4184594259418,439.029159694436,23.4754864420319
57.0535918156082,401.319596203945,23.1642594649769
62.4910585219286,361.085202143783,23.1554475874851
57.28921271162,393.083514189079,22.9805146867827
59.9577382097523,333.37466213336,21.8475589378039
62.6760157150846,408.766142473339,24.5403940405272
62.4100649673432,355.313271417674,22.9756436397808
57.6648237618616,388.318115906683,22.9238157002991
62.6944746349994,441.402592244462,25.4659331755355
57.9840907578538,431.494073045626,24.2093830296644
62.3276270218571,409.472448131951,24.4881016629668
62.6906037781145,443.805016132802,25.5329792784731
54.3361477232331,457.134942693084,24.1771122104381
62.6816085303073,447.750304553118,25.6425360685157
62.0779783950306,460.083583988742,25.8656849120982
57.392010058859,439.482129780814,24.3122098457395
53.8539036777086,458.071390216491,24.1035640375544
62.6559690896098,449.693284520239,25.6920928568527
60.9909500504263,438.917816143511,25.0425264106547
46.034856811006,452.11246944071,22.3139645996151
51.0593794513215,425.138249642582,22.5940182065204
59.108815983595,456.912289094789,25.1604548509717
61.1988623780367,436.194050296715,25.0087138061095
46.6993737434435,450.395236037627,22.4032569562905
61.3189774667568,430.830976283947,24.8821573380993
62.4424169696645,388.113448920644,23.9086875213132
51.9448528781421,414.951621435267,22.4899358962695
61.5051212105547,427.647766515931,24.8308554189534
62.1909613135175,451.428314248617,25.6446720766842
60.6483906538877,459.944015161981,25.5653128259173
49.6011389574982,460.139363145215,23.2801404705593
61.985539134576,455.575517467025,25.7192014356304
60.4063617126086,459.516447810357,25.503051946177
55.0444790408625,411.128282893985,23.024677172665
62.3607849885103,424.391625303602,24.9163212914399
51.4436311190937,442.407071062576,23.1613965873938
55.4926064727185,407.040502172156,23.0021518612632
62.6743943035921,368.548156984956,23.4042301222516
55.7591649772463,399.20058951764,22.8360106429807
58.841533439337,341.834732061993,21.8550371449263
62.4962563305914,414.104276353789,24.6538786848505
62.6441485468084,362.994399898195,23.2411105350286
56.1855238252897,394.653364874592,22.7959960169782
62.5884117606802,437.935252217219,25.3460167655599
59.228316233415,427.247791570272,24.3474553078141
61.8584689813812,403.880287143984,24.2328873625479
62.635288701597,440.555849744907,25.4297472289786
56.0251537712689,455.62782517815,24.4847702994239
62.6572310623059,444.897307525573,25.5569075789329
62.4674438909876,459.573581561268,25.9320386734398
58.7179209407381,435.850191305157,24.484570044282
55.593657523546,456.782446340906,24.4279064870213
62.6823394194101,447.058461132042,25.623148727751
60.090182494087,442.304933501497,24.951407099689
43.4207057386296,454.153707286084,21.8295587100808
48.8590713429035,429.522482088027,22.2615945679106
57.844953261099,458.174585492051,24.9340376495628
60.3488426194991,439.799341294048,24.9342788556249
44.1359704688688,452.654647522349,21.9355354272374
60.4998953167354,434.832436641629,24.8253259475264
62.0371777836015,394.457903878398,24.0038383816648
49.8262301760419,419.950196880409,22.1918001780524
60.7367868583349,431.867400512961,24.7907083888617
62.6439551875975,441.835020841301,25.4676703330598
56.8700720469024,432.028499920832,23.9934802147663
62.5630845969484,410.183110837855,24.5569950633509
62.6001149081862,444.208876041132,25.5256217946254
52.8718158282055,457.310690480403,23.8784408969512
62.5667529213222,448.102288171138,25.6286609703109
61.637176341026,460.128764809186,25.7755589296617
56.2136551863245,439.9361116772,24.0806947751123
52.3496023601545,458.218569315302,23.7957980826955
62.5011440580984,450.016699449749,25.6691231172759
61.5663471668032,438.452689662083,25.148701172024
47.9597302134255,451.823578789982,22.7049355762665
52.6583064087214,424.542556194279,22.9087382989401
59.970190122465,456.725396722427,25.3337858552008
61.7342900718871,435.700355126777,25.1057939261068
48.5842777233366,450.077776698389,22.78513329157
61.8300384215506,430.285404823699,24.9727198437395
62.6275314794386,387.261074662821,23.9229991427217
53.4794436739589,414.275483008144,22.7890437329601
61.9762127428219,427.073626367173,24.9123232832216
60.7972982532807,410.353626539816,24.195668268829
60.7379879172858,382.341565482453,23.3922594318514
62.1644084791728,427.102674378093,24.9521667470863
62.0720463514124,363.292580358334,23.130904134265
60.5639906674255,414.309670254027,24.2590167977323
60.9612849362578,387.304141640378,23.5787129219754
60.41512287327,421.07609038613,24.4192442836018
57.9404602977491,450.093891716595,24.7256281751453
62.3396791096522,435.725349876657,25.2320295241636
60.1600467036023,424.572690179123,24.4651034979044
55.4770405012165,460.290221596317,24.5027913430748
58.6305307012878,450.00052369303,24.8660799979411
39.7281954666964,458.211273290256,21.1784956778422
55.9121207046838,460.126608019105,24.5883861257159
59.1466948527898,444.188647023373,24.8089708094828
61.9386349389889,452.318407254276,25.617489066243
60.1657753209183,459.734867346678,25.4593340075521
48.4194002434002,460.242808606282,23.0380239728576
61.6909194399141,456.21907141438,25.6762860424866
59.8974712718172,459.219745772708,25.3891521974916
55.9027412166183,408.955053031229,23.1412651826054
62.5199237831374,422.530988717217,24.8967716220439
52.4898889331569,441.086542962479,23.3410480225556
56.3245935406522,404.779718087055,23.1108189408835
62.6032441397785,365.588279577608,23.3058846449316
56.5751338328687,396.780820596581,22.9368662702185
59.44323154883,338.474707155929,21.8849084166226
62.6131018050853,411.9971007091,24.6185966327518
62.5467232751727,359.946968268501,23.1348441273883
56.9752175730901,392.146041731188,22.8889307138959
62.6671002345787,439.361759297302,25.4026202243145
58.607881326185,428.986891926726,24.2679210872322
62.1251530935872,406.159495986727,24.3525542465239
62.6877020676735,441.894802602646,25.4784297574131
55.1744299055981,456.267684713641,24.326440270918
62.6936262160711,446.077275547352,25.597778654985
62.2895682986234,459.813293598044,25.9019253939503
58.0551927133747,437.342752603307,24.3893034409975
54.7166585500531,457.334751654052,24.2616555281953
62.6924594653533,448.150874931477,25.6560988734829
60.5803361371413,440.980710989535,25.0156438994888
44.7979784011199,453.369593260411,22.0929966144385
50.0220732592644,427.79811207735,22.4540481167267
58.5231025424608,457.703064742749,25.0613378745839
60.8127211547314,438.387564559742,24.9905947251046
45.4869680235371,451.782979274331,22.1910524012749
60.9477556396564,433.261675071364,24.8738303646236
62.2707673603929,391.946886323129,23.9813584432204
50.9469387722695,417.979287811429,22.368521344166
61.1583720734339,430.209084720352,24.8312918756387
62.5463927636893,443.129125209445,25.4839882140225
56.0733862418656,433.635197565346,23.8736604163925
62.6535178113477,412.329916968658,24.6363763695349
62.4762773764559,445.415426186931,25.5340187452679
51.8448410647279,457.818147303955,23.6798252906534
62.4268971772808,449.149853480978,25.629246468571
61.283049850855,460.236074134023,25.7051600723802
55.3746760611544,441.296270263411,23.9451425940359
51.2963524888548,458.638471916508,23.5892615460775
62.3350132062348,450.976710537245,25.6617876852158
61.8802499120507,436.996064438182,25.1726523940318
49.1607519781091,450.90706205237,22.9280879028322
53.6450574272755,422.685783471662,23.0609062699642
60.47208850602,456.121473261185,25.42080050243
62.0219177093126,434.156175680531,25.1218242177944
49.7590243801981,449.073705738432,23.0003646878155
62.1016478466648,428.582240541495,24.9809386830447
62.6848701584233,384.617654395613,23.8602336264854
54.4239013723797,412.172171227225,22.9254793212816
62.2215470601141,425.282907862624,24.9126211922066
60.331627296671,412.496738258754,24.159634939651
61.1594359801122,385.024785687681,23.5554272072314
62.3715857958697,428.845638598316,25.0443501669247
61.7943710331102,366.288393839932,23.1579342303084
60.0720446029938,416.365227750621,24.2150625382341
61.3564578912622,389.899807623261,23.7339597670351
59.9071585965271,422.972663046766,24.3674785717212
57.2182252748766,451.050208392226,24.6028781077231
62.5045631062158,437.221775038577,25.3084805612994
59.6258073190373,426.381708617413,24.4054168557037
56.3099537331987,460.2227122095,24.6735924594999
59.2491731871404,448.992758321209,24.9658967588246
41.2339569719851,457.743616404724,21.4775135432836
56.7187588288439,459.971544409943,24.7512663118208
59.7230440185092,442.934342593249,24.8930551876637
62.6889088242446,439.81705831586,25.4200007748287
57.5661906523013,429.544189223649,24.067661665324
62.4329387057462,406.89302911435,24.4370910398978
62.6695412348129,442.321532932694,25.4867156665553
53.7824260476381,456.466302922679,24.043412350421
62.6510986441538,446.45212958709,25.59954694977
61.9210942816865,459.881344840206,25.8274428045037
56.949165877908,437.819604921411,24.1734317633602
53.2846852695668,457.504801174581,23.9695329663262
62.6099624709096,448.497160282705,25.648772526896
61.2280612905859,440.538454929825,25.137462053848
46.7951798406071,453.103573031401,22.4996109840798
51.693328253732,427.225289050765,22.7844116021363
59.4568047183985,457.539042792105,25.2503122718029
61.4204768856495,437.916739811523,25.1033182380918
47.4442000404979,451.488390356812,22.5885721295442
61.5311446315178,432.738974032835,24.9800362632537
62.5282099072348,391.117382487025,24.0113134576188
52.5538576051539,417.326019806024,22.6832725738464
61.7017916427689,429.657814993313,24.9284031328968
61.1851089415785,407.069056394291,24.1833201536863
60.2995341089826,378.251224310605,23.1858258426981
61.9255268886984,424.415071821312,24.8267310533159
62.284757511861,358.735891014745,23.0463215539005
60.976274045703,411.155719525506,24.2554321127506
60.5473038179342,383.344419885534,23.3810427629831
60.8423256477523,418.159324181999,24.4254517061494
58.5672352900603,448.579864127532,24.8128334930758
62.1401896053623,433.40555126127,25.1251493680834
60.6117221680643,421.786543391995,24.480074350613
54.655347180049,460.303608217653,24.3327881939766
58.0084095979491,451.416648929433,24.7770747442258
38.2798098667566,458.821627500336,20.8954049501162
55.1149000734959,460.270614057444,24.4271464067787
58.5639658356356,445.97257620117,24.7385210934577
59.5253619453436,413.185863290081,24.0119148974365
61.7026469148274,385.890146549708,23.692503380299
62.5888502855653,429.404196662768,25.1051754557606
61.274082704276,367.255752980325,23.0773704309537
59.22580982914,417.025784093439,24.0582478546477
61.8596994034509,390.736599796778,23.8619412987308
59.0365570836165,423.581343099273,24.2041462737777
56.0216773169465,451.352085647159,24.3632949255479
62.6574914343282,437.699888124209,25.3536935944062
58.7152363836003,426.961819981411,24.2329899163882
57.4790812316926,460.190517993259,24.9151062364125
60.0923542406147,448.653761307393,25.1311596515056
43.4266143115021,457.580855221608,21.9275726512467
57.8479169048114,459.910781505193,24.9836854473615
60.5018889104004,442.514900600613,25.0427058246155
62.6704538667279,330.432136826963,22.3269485989409
62.0115712422411,390.93751163244,23.8991066065952
58.8931379305112,358.481655361393,22.3358763651163
62.6380390489076,336.860778588414,22.5017835847104
61.7752392772686,403.688399610358,24.2102101227626
52.2133024902857,459.0622072991,23.7913616331205
62.531396163398,299.808391085528,21.4332452061911
54.6065412574191,459.45402580538,24.2986743776218
60.8656442792632,406.537820957727,24.1020749131495
62.2956891144725,341.085650298532,22.5501139536644
60.2728605151275,362.315387543959,22.7302384913631
61.2061526547334,394.095420647577,23.8212850113462
62.3928244699502,334.766562771774,22.3917930228091
51.1648044393342,458.467826418964,23.5571652280431
62.0534100769578,400.016512429643,24.1641892383784
62.6883611556163,331.466498722142,22.3598739694684
58.2517449428413,353.577175694047,22.0643698466194
62.247896884527,386.879324140976,23.8334991604532
62.6947792907659,324.900668867527,22.1757740367599
60.0087467897796,444.483415834035,24.9960453294417
57.1269260912102,460.156904053058,24.8411362213299
42.0139084035223,458.316777968398,21.6554265219601
59.5573669625908,450.235976230066,25.0649125945739
56.7320937354207,460.29945244796,24.7632920634419
59.3209144206398,424.130436228697,24.2786162110497
62.5714543769892,435.358304570421,25.2697229858129
56.8133588895632,449.856794269253,24.4852233893094
59.6162384379852,420.612771253395,24.2405076215002
61.5458136531314,386.672623557433,23.6820819592796
59.7896427087763,413.808100029976,24.0842875875513
61.6259153656643,362.56478844889,23.0178430478184
62.460968070823,426.676312798231,25.0016182854094
61.3627644818372,381.688982217199,23.5033790939088
60.0631981423091,409.830991133455,24.0286896834012
53.1651257235881,459.358940431022,23.9971060461027
61.4639577568367,405.801861314621,24.2053526564866
62.5436894079697,339.99101156754,22.5706231984127
59.4573615450752,361.322747091333,22.533107763689
61.7401299707237,393.279016025651,23.9089504989542
62.600855340921,333.643355352273,22.4032076261854
60.9249647360308,441.298692362906,25.0960843017691
58.4879246099359,459.711344542349,25.1107610044933
44.7251952721285,457.092277009578,22.1830399932489
60.5552703151598,447.665595758634,25.1992394872941
58.1438400519481,460.072066576599,25.0496012070865
58.0921393349905,428.579111590908,24.1494635942618
62.6929676412203,439.02803848452,25.3985590571503
55.2214886377572,452.18064867074,24.2207728820782
58.4382111501376,425.279620254954,24.1280393651934
62.1121074898371,393.081521431953,23.9805038414531
58.6425530294447,418.871118391884,23.9894228911562
60.8926686502911,369.970801410869,23.0749606023477
62.6641667413719,430.960389712027,25.1647422771396
61.9798061163445,388.316053731066,23.8184853365635
58.9668562607793,415.112183134711,23.9505093474873
59.1530697625811,444.878837281966,24.8297848762053
55.9209358799354,460.193646413103,24.5921072695045
39.744418928698,458.45551860681,21.1887575977124
58.6373537738091,450.550952699177,24.8830398856083
55.4861341016194,460.307626119496,24.5051684702446
60.1546532207695,423.526304319995,24.4344333340806
62.3416939135694,434.856170940084,25.2079001364214
57.933074712186,449.530896469616,24.7081967552
60.4100078155885,419.980070656183,24.3872301031592
60.9657400056354,385.811810839211,23.5374906112993
60.5590453473228,413.123523142454,24.2244924548531
62.0693715591912,361.573408763793,23.0817970308885
62.1668714458201,426.093734189075,24.9241831802888
60.7427214118146,380.799600810467,23.3496931045566
60.7926313583292,409.117845557423,24.1597999093311
61.9790800415364,428.067905979343,24.940998059794
53.4897192594234,415.446969542868,22.824259285614
62.6284066754229,388.738744887139,23.9649126631726
61.8331841454163,431.230050565049,25.000050603693
48.5969935742614,450.62611136852,22.80325592129
61.7376055333317,436.554873486501,25.1306145236239
59.9757761117911,457.046890599183,25.3440236922204
52.669030156916,425.574281476558,22.9400996725388
47.9727244895016,452.322279589293,22.7217141893678
61.569941053399,439.257574150988,25.1721777529223
62.4996512509388,449.451609866754,25.6528544393836
52.3387091635146,457.9596634219,23.7862273726001
56.2050325175662,439.144181300829,24.0565413045196
61.6336914311362,460.04706583834,25.772528995648
62.5655385393139,447.487564717323,25.6110482757998
52.8612010567169,457.002150716182,23.867526170237
62.5990702637567,443.504025205691,25.5054989376778
62.5643104804004,408.945235519446,24.5222894459059
56.8618975408742,431.096808292016,23.9654725651183
62.6431889683193,441.080536135041,25.4462034594934
52.1532157227033,459.03637711389,23.7781729245513
61.792925264677,403.515215950037,24.2089863632408
62.6423679573692,336.605125381994,22.495461097243
58.8569167133461,358.249454182157,22.3218079831828
62.0268041584307,390.745831602763,23.8968518230059
62.6732587824985,330.169914944381,22.3201245946955
60.4743585420139,442.611783941161,25.0397334573376
57.8070294574782,459.925195299642,24.9756143521378
43.3451767385422,457.618721043241,21.9117556615569
60.0623708010096,448.732148278586,25.12715626016
57.4366697916683,460.198363111547,24.9065336244109
58.7521216912579,426.828880300748,24.2368837702119
62.6538266163591,437.59040047073,25.3498415537638
56.0694666323321,451.28311914324,24.3712564832497
59.071918398583,423.441834742449,24.2075386108234
61.8426775065351,390.544642597201,23.8529905301427
59.2602420655789,416.874348043421,24.0611106844037
61.2960869402957,367.033775077402,23.0756640400537
62.5827323963774,429.276212639935,25.1002923910506
61.6841010252205,385.691620673969,23.6830510949329
59.5582701890914,413.027858563903,24.0142762104146
58.5262126707574,446.059526148281,24.7331484539817
55.063789829671,460.275094458456,24.416675039357
38.188149497305,458.849559928533,20.8771876882284
57.9682033618522,451.48510250719,24.7706710806822
54.6027129435329,460.301519942504,24.3218153097769
60.6383846792302,421.643670317895,24.4815679322387
62.1263019909015,433.286130214355,25.118897055243
58.6048018089542,448.500964230176,24.8183947785795
60.8674641662271,418.009882431739,24.4264437709971
60.5200591245267,383.14252929252,23.369691722197
61.0004834856502,410.994350082052,24.2558946703087
62.2965389513891,358.503979718386,23.0422148908024
61.9091862030188,424.277154405043,24.8194477164078
60.2707654228839,378.042765041431,23.173973285134
61.2077943888345,406.901118274676,24.1832811944664
61.6832377981399,429.785008920083,24.9281481067663
52.4947536348983,417.476665759979,22.6752716532498
62.5205600703338,391.308549590539,24.0151261353664
61.5110667941977,432.859599283444,24.9792797203452
47.3717389912955,451.556566764668,22.5754724810019
61.3994699698018,438.025437368938,25.1020321878936
59.4233698021317,457.577198496615,25.2444570009486
51.6317712122576,427.357438635365,22.775379657472
46.7211947987137,453.165180763096,22.4860098187594
61.2055303820471,440.64058381108,25.1356744868718
62.615274176698,448.417983215449,25.647637827401
53.3414511087099,457.466145256884,23.9802118651755
56.993503716632,437.710407150809,24.1795414415534
61.9373099952029,459.866140949694,25.8303758088868
62.6548863572511,446.366383843673,25.5979107334971
53.8376678940901,456.421078328821,24.0535897324922
62.6723998693826,442.223859496083,25.4845499429927
62.4233693398968,406.724813824834,24.4303560956792
57.6080754198066,429.416495083693,24.0727403194495
62.6902434661231,439.712816203088,25.4173335344881
59.6910095518831,443.03007581081,24.889116397091
56.6733672832711,459.984808081406,24.7422287933024
41.1480153007856,457.780332103371,21.4607301302991
59.2146856492956,449.069995169416,24.9609269441843
56.2630381949348,460.229407204802,24.6640534242034
59.6581885284553,426.247618813764,24.4083442862326
62.4963941900071,437.111137262112,25.3036620973623
57.2615104920226,450.980091765321,24.6098732421302
59.9380158132539,422.832004566955,24.3699044854722
61.3349318961068,389.706700300697,23.7240425751523
60.1019727411931,416.212641577617,24.2169589446954
61.8118711708904,366.065265814023,23.1552614161136
62.3609638084422,428.716504452497,25.0385006789199
61.1363859922657,384.825109688956,23.5450084985705
60.3600314421792,412.33758340959,24.1610298293343
62.2087119137373,425.418885059844,24.9138000149794
54.3705161003762,412.331600451629,22.9189122495883
62.6829390197745,384.817604769577,23.8654801531362
62.0872887075968,428.711649062554,24.9816159890394
49.6922820292479,449.150665416738,22.9886988881764
62.0066294917171,434.273656508397,25.1219720164995
60.4443722880054,456.168412236146,25.416379080479
53.5892190840533,422.826716326713,23.0533081742032
49.0924856344677,450.977453054515,22.9159205864151
61.863437701764,437.106976589887,25.1722986759589
62.3460436102754,450.906316740439,25.6620868346241
51.3588370262501,458.608599269262,23.60137429383
55.4247325981306,441.195855763259,23.9526861211323
61.3049842626235,460.229653513961,25.7095269256666
62.4364035886302,449.072891008011,25.6290441012013
51.905801609432,457.781705980547,23.6914365216279
62.4848547092778,445.32653602077,25.5332868706086
62.6496671437504,412.170484949593,24.6310752742195
56.120989707623,433.51628669584,23.8801729194212
62.55344610382,443.033666367123,25.4827548225851
61.1353141305653,430.335128524136,24.8300704262134
50.8833307037742,418.128783642398,22.3595540002746
62.2586134252524,392.136903303657,23.9842046976733
60.9231737040967,433.381150198987,24.8721073984203
45.4100028760952,451.850005559201,22.1769863294378
60.7872101406441,438.495111994171,24.9883422516117
58.4851635279544,457.740070324273,25.054516180435
49.9560121195504,427.929111538964,22.4440497487677
44.7194892609869,453.43005086912,22.0784290258234
60.553301130363,441.081689747803,25.0128899092179
62.6932670729022,448.070547741234,25.6539977506932
54.7689202909567,457.294945613369,24.2713680037498
58.0950264538591,437.232404709719,24.3944466958959
62.3012799139002,459.796939584545,25.9038919750387
62.6929098309288,445.990379680949,25.5951760154173
55.2251676538105,456.221309996797,24.3356512296945
62.6860566040036,441.795979043049,25.4752976105557
62.1110796294982,405.990130574225,24.3448528790105
58.6452619954507,428.858047663783,24.272033318063
62.6639307782177,439.256367061544,25.3989865606792
56.9308088248441,392.335781541815,22.88508098335
62.5537686602814,360.177229228688,23.1428079951866
62.6077191897748,412.156819816381,24.621991279894
59.409726808312,338.728420143301,21.8851263899548
56.5292010919316,396.963991731047,22.9325150228946
62.6087655321961,365.811971861634,23.3133469959519
56.2777317211875,404.950961528328,23.1059381862699
52.4305991132731,441.187244550846,23.3315980472859
62.5120880966083,422.672211455144,24.8991352451184
55.8543554044625,409.119727796341,23.1358829112139
59.9283822073433,459.243635738869,25.3962363919255
61.709402375021,456.172419527635,25.6788010162643
48.4893373118619,460.236677869097,23.0523525449795
60.1951622637532,459.752188636677,25.4659166852079
61.9546648028772,452.253258998177,25.6189730159531
56.5745008752254,458.687887508936,24.6851011180809
59.7277091641556,401.308202438006,23.7184260089262
61.691175776086,333.357948935811,22.206521748575
61.2877371754357,355.298070917364,22.7424954472387
60.1661821929105,388.305529092201,23.4421263368985
61.8491725588456,326.839889812929,22.0552013512512
62.1803338896542,443.811042166165,25.4273430773018
60.6270287243566,460.084290590493,25.5648449777487
49.5471886487934,458.073609515483,23.2106130998917
61.972940283651,449.698117505059,25.5506007483315
60.3837750161771,460.274609717129,25.5197803552454
55.0856197050929,425.129451684523,23.4286258479785
62.369337273567,436.186765035895,25.2512104442544
51.4935348619301,450.390564462635,23.3972124235769
55.5325223700484,421.659557440954,23.4232967938137
62.6722120829811,388.100844228213,23.9559804262799
55.798334214415,414.941630428664,23.2886876303776
58.8707148309992,364.211334841755,22.4930432286907
62.5028371885864,427.639288206568,25.0374961497484
62.6407415592969,383.164973619712,23.8100570962938
56.2234682955579,411.012292263877,23.2658692616122
61.0848025652407,447.133497547401,25.2940125943285
58.7364036433923,460.308902923424,25.1791601853504
45.2427759543992,459.179161574891,22.3492996469457
60.7313873913365,452.325784907778,25.3673700892362
58.4024327148846,460.252479722202,25.108316560994
57.8244972399081,419.818954875786,23.8465645303879
62.6944271949522,431.757207953636,25.1935204661161
54.8814845853951,447.483122723688,24.0176052392893
58.1806826845354,416.10231830436,23.81545647437
62.2022082478155,380.573444097648,23.6459361387167
58.3911901813292,408.936345641411,23.6567261366651
60.7237813889354,355.556252656855,22.632848599822
62.6819055420707,422.514943145792,24.9299059954882
62.0800205038031,375.39083116129,23.4742338068775
58.725607042144,404.760265148766,23.6081287660466
62.6405418069795,431.366565215008,25.1713146791943
56.8340702871107,419.354015236294,23.6280650384018
62.5684342949364,393.696979821085,24.092506570355
62.5954767606677,434.3583068931,25.2464623979969
52.825079562746,452.39375330683,23.7298868718005
62.5613681136425,439.373704665332,25.3810336285289
61.6218036878398,458.035743172119,25.713260684247
56.1756819994711,429.001499113149,23.7640079108312
52.3016413277946,453.919518619989,23.6644403147818
62.4945344835182,441.906002422204,25.4386920327309
61.5821134951051,447.396645850535,25.4045636703554
48.0168479995072,456.955888646201,22.8617247579665
52.7054363492966,436.310427919236,23.2508565770075
59.994719529373,459.651677520401,25.4215155144018
61.7488316332886,445.26219779349,25.3788526816752
48.6401707425178,455.827973032869,22.959118730507
61.8438333227908,440.969233132638,25.2773106541543
62.6313385351724,404.580464840499,24.4129190495039
53.5246021874724,427.783226853588,23.1798903231109
61.9887828771618,438.375341154373,25.2341103508734
61.7726413730317,444.214827889527,25.3542101250814
59.8690230236578,460.129397225971,25.4089435269394
47.7256836845451,458.220714429326,22.83707167666
61.5009116054453,450.021458249601,25.4618555403819
59.5857998929519,460.291147664097,25.3547842630642
56.3673430157986,424.533684051252,23.6775704720254
62.5875613207231,435.69299568099,25.282515095879
53.0612351951289,450.07303093843,23.7133132904836
56.7742762582276,421.035221119174,23.6631467764887
62.5401229460609,387.248395785423,23.9045165793156
57.0157213635375,414.265417816574,23.5220199986955
59.7621555351022,363.22831943209,22.6501247127768
62.6567250741595,427.065073872843,25.0531885456439
62.4686829998503,382.283956488412,23.7494986079576
57.400886022154,410.307510963276,23.4901069885581
62.6890578492422,427.111222034367,25.061196175051
58.2328746792539,414.319730607542,23.7759352223838
62.2538551710425,387.31681567972,23.8470901757685
62.6947406007322,430.321137351807,25.1530282543348
54.6686645273638,450.098632638499,24.0473428666186
62.6915695622231,435.732704484388,25.3052030447784
62.1658481003788,456.737737591247,25.789412351421
57.6561717979322,424.581557484093,23.9461660152061
54.195974090214,451.842571591005,23.9985806700811
62.6754837299005,438.483175880608,25.3795458094616
60.8359248553478,449.995760055122,25.3232422652221
45.5572758437127,458.209123338176,22.3871167742647
50.6597071574606,439.906657211283,22.9282308442301
58.885435723459,460.125970764265,25.2048962188252
61.053390791333,448.079485637425,25.314215637023
46.2313463845251,457.299381364192,22.5011951072863
61.1793300893513,444.182690336922,25.2302771694138
62.3806782656913,410.136916644854,24.5178678156878
51.5605584019542,431.993799145332,22.8915525107263
61.375027441524,441.806971998005,25.2037612266141
62.4682746129131,431.902178672774,25.1507211066676
55.5983038294949,419.991626972426,23.3898314934527
62.6821441233632,394.510827387916,24.1390692406881
62.3832401440749,434.865351662356,25.2167741840983
51.2389999210539,452.672685955077,23.4088848282626
62.324764757993,439.828873144278,25.3448278002731
61.0592538871707,458.18410885349,25.6008039717595
54.8755793802722,429.558665870461,23.5101621101531
50.675592263576,454.169882579726,23.3343436298719
62.2179617053423,442.332602212641,25.3933915631031
62.0357628648175,447.034704230034,25.4884077016737
49.8199736552622,456.770182856399,23.230365004567
54.182615560032,435.817919331859,23.5432459393762
60.7343459215785,459.567970008965,25.5725157885799
62.1625115804746,444.871687484479,25.4536020716215
50.4033269757464,455.613698554557,23.3186643357355
62.2331465309201,440.526846533317,25.3455424297435
62.6947052982821,403.831275443602,24.4048999408614
54.9374452366247,427.210273287392,23.4566674297505
62.3381266627646,437.904385866542,25.2932474850907
60.0444960649211,394.706209767649,23.5976609086094
61.3760134727486,363.058738208753,22.9799749702827
62.4664997441094,414.148606175556,24.6489604976532
61.613984264152,341.905722304755,22.4319201777748
59.769994289639,399.251571271611,23.6691110533777
61.5581163022937,368.610632156429,23.1745300762717
59.5960130962656,407.08810075563,23.8543529797366
56.7854162302186,442.434661157259,24.2698150834157
62.575462785944,424.430708815787,24.9619393310848
59.299742737171,411.174018338373,23.9083138099043
56.760162329378,459.522251059094,24.7471626375479
59.5777182389231,455.561312226971,25.2195295045499
42.0662107481541,460.136651322663,21.7176680831017
57.1540483434184,459.947955271633,24.8408590360541
60.0275748017804,451.408862698981,25.1955363724459
61.440280437869,445.421150681273,25.3193625401782
59.3063731300543,460.236479196754,25.2953001341122
46.4639104098131,458.64038967648,22.5872906044963
61.1262573501494,450.981241983045,25.4112755727762
58.9968748915264,460.310675412536,25.2332199399168
57.1455706309202,422.676683974583,23.7864939075039
62.6666655547162,434.148588880691,25.2553008520209
54.027458448558,449.068732624421,23.8853001511835
57.5262287655272,419.09066682016,23.764149281647
62.3889382216133,384.604748164162,23.7985065275336
57.7516556585259,412.161878681602,23.6152110514714
60.283819083961,360.184524312114,22.6723314100111
62.6935359880192,425.274128014242,25.0102419190832
62.2912231675806,379.552754644807,23.6355676258554
58.1105452093203,408.11641760596,23.5753771110138
62.6877117625067,428.853958900538,25.1101350593437
57.5324052113898,416.375060750082,23.68873642734
62.4405047226144,389.91225430855,23.9590924852826
62.6671194061746,431.976319995633,25.1940462083073
53.7379061010588,451.054721960077,23.8813482636508
62.6479301553543,437.228902292255,25.3384095463686
61.9079379473804,457.29367941411,25.7516344974695
56.9134090099347,426.390348568331,23.8432348374597
53.2389405560871,452.711106690239,23.8246651367931
62.6055692152096,439.891819466131,25.4048313807315
61.246043937768,448.987767329248,25.3798144905599
46.854513945569,457.741239098591,22.6428901041604
51.7426745131873,438.498516986694,23.1130198185842
59.4835504441867,459.97067980105,25.3245318693844
61.4372347659312,446.983938689206,25.3628669320407
47.5023093785593,456.743942902262,22.7490475068618
61.5471558516382,442.928158552745,25.2711170120491
62.5342332818487,407.942128875673,24.4877233027815
52.6012324375476,430.33911986244,23.0606091023779
61.7165780959889,440.464885991483,25.2366801389292
62.2906776283709,433.512512827005,25.1593744131683
54.721583463824,421.914554403028,23.2623471206169
62.6925427771284,396.973863304807,24.2107859724101
62.1793680517106,436.388131594243,25.2175065602788
50.1319905969423,453.496372564716,23.2026046475027
62.1048744533175,441.192668240206,25.3377487240712
60.6250928363656,458.607647964414,25.522740540016
53.956565694468,431.23505424276,23.3669453546146
49.5423078316423,454.906014967021,23.1201425187919
61.9717962928447,443.608843086224,25.378391556581
62.269631049431,445.89430879222,25.5046943492195
50.9409608593117,456.169895904875,23.4458527566707
55.089332017952,434.277376395331,23.6877493359384
61.1562097444995,459.280276333811,25.6518658613471
62.370104657266,443.64373782432,25.4619677888472
51.4980390719739,454.925857380688,23.526231157519
62.4247213954002,439.1399120372,25.3460966945867
62.6720094166327,401.504084962482,24.334469850163
55.8018683744114,425.42319129256,23.5854384436101
62.5034264194227,436.429897148081,25.2858808196137
59.4987905476773,397.165551272675,23.5539630049694
61.7174269749409,366.058188200067,23.1354781712006
62.5936425001722,416.207800181866,24.7334793430295
61.2562743852157,345.21776557244,22.4512856993562
59.1980136645732,401.623358554292,23.6174922194176
61.8732546966639,371.522527925399,23.3221123468694
59.0080142588885,409.300903202353,23.794922693394
55.983146646712,443.707207618977,24.1394004415316
62.6603122218735,426.243363763794,25.0307257937586
58.6854687919719,413.299266562751,23.8409625932415
57.5130410007261,459.770971458364,24.910299179511
60.1163261641417,454.869776641237,25.3116816909714
43.4919376928088,459.985224223218,22.0090213740812
57.8806519069444,460.109121448558,24.996074647697
60.5238894068656,450.470788054944,25.2719561761648
62.5877726055081,429.412442780022,25.1051848798069
56.3689667908417,417.035542907933,23.4661462753808
62.626542588109,390.7489722971,24.0212985486055
62.5272108266496,432.506235186608,25.1800013873985
52.2241544964345,451.356525030042,23.5759896131028
62.4836548367725,437.70694119292,25.3178471111026
61.4177161837791,457.4649155172,25.6548211779719
55.6856344278035,426.970385747362,23.6050324297714
51.6852195289363,452.984341071695,23.5102118448731
62.4013244741014,440.341289678286,25.3751743040936
61.7720213445482,448.648696130466,25.4793019148681
48.7299676383917,457.578403730508,23.0271737437507
53.2921817609905,438.028878821035,23.4210525739428
60.29550487346,459.909842711333,25.4911755365524
61.9232427501849,446.616298801914,25.4532597149769
49.3377936488556,456.552538845669,23.1242365050802
62.0087970968352,442.508642375142,25.3549921806281
62.6699280820261,407.215809900495,24.4953475871289
54.0864035237676,429.789036717962,23.3530296020074
62.1382499186594,440.016801125371,25.3114606661363
60.5068511091668,390.949866254813,23.5874461248372
61.0121040203932,358.496623669594,22.7756747124998
62.3021625095829,410.989230251464,24.5256581352531
61.9012397805485,336.877259593855,22.3494709287807
60.2568220238644,395.625847175779,23.6676596997665
61.218679539918,364.179137034273,22.9789932486498
60.0977602266958,403.699561184189,23.8626937336546
57.4867355784777,440.448860200884,24.3591537327166
62.450517637602,421.639136833089,24.8571925063751
59.8259625575809,407.916098183935,23.9254179939833
56.0130133641583,459.063864313119,24.5792928198201
59.0301414915324,456.505664096063,25.1326575822049
40.6923695041623,460.275232165432,21.4367106867462
56.4313720681783,459.620187942661,24.6817526484873
59.5193901405741,452.721018509467,25.1272199877912
58.5707774496855,397.957861164928,23.383912232704
62.1388901629916,367.026733923021,23.2502236142173
62.6891592432034,416.869543107245,24.7719739018145
60.614238309717,346.28830957376,22.3483911699505
58.2300311440549,402.387099758037,23.4383468057802
62.2547484621883,372.462504959843,23.4277631485141
58.0156649993135,410.012768115787,23.6092596653995
54.6648509421174,444.112269734836,23.8774865293053
62.6914928033215,426.824661710353,25.0536080968145
57.6531501098704,413.982562787676,23.646204923875
58.5604207525555,459.84196210305,25.1294822263727
60.8377594709516,454.633964488348,25.4546138536013
45.5628472856613,459.925647901029,22.4367497519933
58.8880622362474,460.151543404735,25.2061630531867
61.1809865520924,450.154530923235,25.3992760830657
62.5295755012169,305.854149596636,21.6036106990318
61.5347585862039,372.688283473276,23.2848469188217
59.8071530182964,336.597016700696,21.9073395759937
62.4559664939696,312.872109147838,21.7865473006663
61.2321190325867,387.098598592862,23.6290664913434
53.7724138507697,455.692425374881,24.0194806000396
59.8572025271823,446.403031279562,25.0188354219944
56.3850003567753,357.558502887721,21.7897330995976
59.4863478444719,271.998272119864,20.0164355355908
62.5373480956603,298.946178005824,21.4101289251042
57.0324489285965,340.606242582426,21.4452219080469
59.7741725742675,264.077583258711,19.852422685088
62.6895770499222,457.729584657926,25.9260210575777
62.2741527603908,456.392855816592,25.802129654369
54.6487515366663,459.389958645988,24.3056174673616
62.6911589869853,459.667073037329,25.9810672090843
62.1607269992473,455.180545204957,25.7443725786867
50.1073332817899,389.973173589711,21.4034833113567
60.8454897021026,406.03827084549,24.0837875984823
45.5863431059272,428.894676673995,21.5652516710877
50.6840638937813,385.100649607872,21.3854618040129
62.2862453872829,340.342372772147,22.5271642768522
51.0290233341783,375.835765374363,21.1953335742328
55.1601372304984,310.042449743011,20.1938149352342
61.1879651601884,393.541207056673,23.8018617844532
62.3846028106347,334.003872425375,22.3685484936871
51.5839853623572,370.503797471304,21.1598227522884
62.4649191156564,458.930931813648,25.9133655755332
61.2544010695742,454.496359924009,25.5371198628995
51.2152122324198,458.374402479882,23.5649790153445
62.3204794848186,460.173632214535,25.9185115509179
61.0502580881026,453.037306984516,25.4535837853641
53.7170842067529,382.541568555461,21.9420969946949
62.0414530136356,399.487605537717,24.1467726212728
49.84516621954,423.866126709534,22.3063194877289
54.2030975984161,377.422302245763,21.898296485498
62.6871149422652,330.693864416068,22.3377949902177
54.4927526912403,367.709372361595,21.6840470814491
57.8840771785824,299.266259332597,20.4542953072944
62.2379069038205,386.295753770383,23.8149466311218
62.6947551452887,324.108621741438,22.1534002051995
54.9569974990911,362.130662130679,21.6227572576515
62.3850807414725,451.757420936728,25.6942180331058
60.0330480734424,444.752654862421,25.0086880831629
61.3840678967296,427.748225848976,24.8085917083991
62.4698436421967,453.346532876549,25.7566732987294
57.1619382248439,460.182415667296,24.849116612906
62.5148825912019,455.814973427561,25.8357254629173
62.634051445135,459.413991889906,25.9620782813239
59.5836353288692,450.450551779785,25.0764194360693
56.7683279369284,460.305551242183,24.7709776027083
62.5778769081135,456.944641446163,25.8806914139403
59.2935616978658,423.72046489009,24.2613661982188
41.3449520177294,441.93231408752,21.0539893791129
47.0922736472546,406.223833316113,21.2372469608423
56.7772623994338,449.635886866127,24.4714998263978
59.5901077830852,420.183387094773,24.2229627563596
42.098102707776,439.401768735917,21.1386908984744
59.7642570686179,413.343465212702,24.0659016624947
61.6104955607353,361.89167687612,22.9956358205327
48.1204150284968,393.747045290975,21.0980691874227
60.0390345700248,409.346943496166,24.0100089060348
62.6655857354741,457.887781062601,25.9255141168851
61.8998482618665,456.192373133382,25.7188542150875
53.2109477745925,459.291474241144,24.0047020556578
62.6028315109542,459.744824463185,25.9649480126626
61.7464530781965,454.951493833238,25.6520024980333
51.7727577946701,389.131816637753,21.7250539469314
61.4474149514333,405.298912171898,24.1877182616347
47.5377446413005,428.331553831103,21.9539785495222
52.309518984135,384.230723967404,21.6979377982157
62.5378574525373,339.244335010669,22.5483264414157
52.6301116854754,374.913963443585,21.5012919540785
56.4352791367758,308.813845014658,20.4235224308482
61.725554247936,392.721403404261,23.8901801918765
62.5962454533626,332.877265975388,22.3806160168786
53.1451042911278,369.553426852016,21.4566864907621
61.946424595762,449.377596662914,25.5360505395615
60.9446802776123,441.593889140496,25.108509277744
60.5823165848623,423.243580614439,24.5151263244115
62.0819352942879,451.184882242083,25.6151901656663
58.5183510014884,459.762813905791,25.1185236183231
62.1579118518092,454.049492153445,25.7118458897659
62.6909236697007,459.991505215861,25.9901809590969
60.5769529393569,447.906129057557,25.2105285510432
58.1754885113746,460.104123120027,25.0570689686066
62.2716539665225,455.397333811394,25.77349620127
58.0602008701352,428.195098001504,24.1319958036845
38.3982076739616,445.061067686322,20.53133240601
44.5593722674453,411.695581514987,20.8665722386638
55.1808064055466,451.985699016818,24.2068315414203
58.4074947531564,424.876193845536,24.1102767223065
39.2021061618099,442.748695974067,20.6327182858527
58.6125816472051,418.432441323813,23.9708191883532
60.8726631032809,369.323647587303,23.0525355973157
45.6691990550053,399.833136489545,20.761682385637
58.9381069464137,414.654093246626,23.9316107923745
62.5965147495807,452.047445075807,25.7462504721069
59.1809828180011,445.144677279866,24.8430805497417
61.8814789273309,428.316484097121,24.9277803902599
62.6413082277784,453.607988327118,25.7996110963585
55.9595597853263,460.215758996855,24.6007405808959
62.661980437727,456.02455258782,25.8721456461894
62.4552028466405,459.31676825259,25.9222475803642
58.6672339118447,450.76212921841,24.895199646919
55.5259800748844,460.310325883233,24.5135069293262
62.6850053321121,457.125651917912,25.9080169558404
60.1309122697527,423.112933950901,24.417836241065
43.5317788756589,441.501018979031,21.4952556372412
48.9531540601646,405.485735410049,21.6022623347388
57.9005899938139,449.306590036004,24.6951261121037
60.3874889324457,419.547287467075,24.3703381578338
44.244960143179,438.941904938918,21.5708625152307
60.5372714789217,412.655489294694,24.2067594496118
62.0575635260195,360.896898160537,23.060242723418
49.9169592798236,392.928502406091,21.4474723055901
60.7720795578021,408.630398889648,24.1417720517799
61.9915974375045,428.452681530562,24.9544603376051
58.9397706607935,405.457816373431,23.6722364925613
61.0889902118902,441.484664295791,25.1353477826202
62.6321803040356,389.31258437384,23.9819013909031
61.8469236092584,431.595413296253,25.0132180291944
59.2517014373746,409.607080582835,23.8540991453713
61.7520900119154,436.884985559053,25.1429408892092
60.0002264256042,457.168525916239,25.3525287555768
61.4069287967911,447.817179976532,25.3801150965289
61.5856475998568,439.568273403525,25.1842092661979
52.2908287856906,457.854292541606,23.7733233337785
56.1671179749716,438.830333665041,24.0398159634689
34.2722662996641,452.058279162498,19.8734166353037
52.8145427467669,456.877367015874,23.8543272791057
56.8259500808952,430.72829717756,23.9476113118419
62.5854623814754,458.341448309567,25.92171261005
61.589435949427,455.546799559386,25.6362569003284
52.2014120810244,458.958493943519,23.7859670615622
62.4804148368221,459.951952651848,25.9454141231249
61.409765657935,454.218366036897,25.561484252954
52.8032229909557,386.522161016305,21.865023460478
61.7787567665903,403.00184982682,24.1915500958447
48.7562054758936,426.574599972314,22.1570114882902
53.3137090725986,381.533514123611,21.8299863814421
62.6389103092536,335.848031844629,22.4733624677018
53.6182835616277,372.057768763833,21.6255290849224
57.2091802667986,305.017394349902,20.4767752061506
62.0146027429597,390.17780200088,23.878279643384
62.6710232022568,329.393408587002,22.2977311128445
54.1070010594581,366.60967794992,21.5730026912859
62.1973160901904,450.367677984305,25.6160355019223
60.4964483909121,442.896563738257,25.0523565607682
61.0212037175982,425.086363698489,24.6581747119937
62.3065516808942,452.087409341129,25.6872541977069
57.8398301563474,459.966247682589,24.9835750934234
62.3665100261043,454.793034416532,25.7760984694241
62.6852510978663,459.794791493944,25.9834491832135
60.0864277325234,448.962264597015,25.1386434513649
57.4706925584116,460.220002674481,24.9141995133867
62.4539770329956,456.053321852137,25.829827850608
58.7225575337194,426.43444973085,24.2196141070905
39.9476833569819,443.840527901958,20.8181518139739
45.894577204336,409.534785745618,21.0824072910861
56.0311587074382,451.077752508824,24.3575132700476
59.0435763089185,423.027991352537,24.1899740953922
40.7253067370081,441.440601967358,20.9116167634963
59.232644990656,416.425253994857,24.0427051090566
61.2784557006023,366.376204273342,23.0534371624774
46.9621106717627,397.425801661873,20.9617850553567
59.5318951820425,412.559351695324,23.9955757827577
62.6711553462024,452.905123685259,25.7859498566757
58.5565000334941,446.314949165688,24.7466422549739
62.14411516226,430.026864469232,25.0305432000501
62.689673716578,454.378112714225,25.8313895506071
55.1047880423786,460.286790061714,24.4255064782042
62.6943277142153,456.635692138969,25.8961126480556
62.2732793769993,458.987651818734,25.8752302266888
58.0004578072045,451.685862045929,24.7830289694487
54.6449332241146,460.293802725748,24.3303518963143
62.6910775007785,457.649237246716,25.9240630273864
60.6170180355301,421.219882968308,24.4651689666789
44.9050036608724,440.148076482727,21.741789467413
50.1121080992485,403.19253692874,21.7778118093691
58.5746913978988,448.26624081607,24.805522262939
60.8473195904011,417.566682262137,24.4097499531275
45.5919098205705,437.50140822027,21.8094754150823
60.9810839245658,410.515899253797,24.2383597925231
62.287105225534,357.817052134636,23.0208587107878
51.0336199987742,390.388764866479,21.6072893975178
61.1896168956242,406.403254626407,24.1654514643711
61.6981295014247,430.159367490808,24.9418085120332
59.5334217441498,407.704610819966,23.8587857715474
61.4683705491169,442.791202757322,25.2509127060647
62.5267080062633,391.871972096745,24.0323129905526
61.5271805653566,433.214545034155,24.9926452733024
59.8190774129088,411.766320807026,24.0327274940372
61.4163287557023,438.345132460996,25.1145566809348
59.4501944232616,457.688416833178,25.2531601917608
61.7440158138846,448.877179379759,25.4799476372708
61.2236112358216,440.940866083124,25.1479041276033
53.2959450382027,457.350357396097,23.9675059538097
56.9579634813541,437.386142534527,24.1630142279585
35.9502308254826,451.154196518273,20.1958160043512
53.7933838914569,456.28587764802,24.0405889688166
57.5745022671444,429.037566988743,24.0550771936289
62.4810781353663,450.680572545103,25.6837113339133
59.7167111725386,443.31145657742,24.9023924203369
61.5909427852673,425.677492368352,24.7930067868445
62.5503443035437,452.371735213417,25.7458353883259
56.7097797538976,460.022461433867,24.7508424544032
62.5859359096971,455.02548399851,25.828162045686
62.5787305364395,459.720438278347,25.9592618752436
59.2423543525667,449.296712457359,24.9730670552044
56.3006727334353,460.247647737249,24.6723722329945
62.633433494062,456.257202745605,25.872796785498
59.632236142674,425.84978921338,24.3917275429264
42.2068382519791,443.432103215187,21.275061465092
47.8277856543137,408.819558261272,21.4630660579725
57.226814338886,450.771326100419,24.5967829487433
59.9132854953467,422.414762146557,24.3529928898562
42.9444922094789,441.003608592078,21.3594317732424
60.0779874380275,415.760148498567,24.1992062891635
61.7978517029542,365.404295979477,23.1336874583526
48.8309829601572,396.630129198708,21.326831566514
60.3372682068876,411.865677510525,24.1429823214926
62.2190178749409,425.819201379774,24.9272426425
58.3409266016288,402.018565196319,23.4509333234455
60.6897183705544,439.448151733747,24.9950425088873
62.6845012136228,385.406985024987,23.8824492305761
62.0988167366745,429.092552562468,24.9947637642503
58.6773300681895,406.298448822727,23.6415594064165
62.0189025355363,434.619309349659,25.1342787317944
60.466611167054,456.305588321912,25.4248644935448
61.0470490416398,446.148471355882,25.2583653604862
61.8769328134573,437.433216611134,25.184310538944
51.3087452136616,458.518769157679,23.5884506047178
55.3846066207715,440.89754889618,23.935941129791
32.6634904488629,453.319723367314,19.5754563276152
51.8569318647176,457.67246304895,23.678217980206
56.0828308128796,433.163316350094,23.8622920158543
61.1538176056074,430.706088064375,24.8443837512956
60.3385861343751,408.427567224232,24.0461572260918
61.9475884943226,443.207356364013,25.3620332763774
62.2683731329391,392.696926779378,24.0020444726748
60.9428992470128,433.732696919212,24.8861258711928
60.5842723806076,412.460708522783,24.2110043072097
60.8076806983018,438.811408055743,25.0015196644681
58.5155999208415,457.84788963035,25.0638722910623
62.1588975975071,449.212888007631,25.5754559518544
60.5749937558947,441.378572989361,25.0257724697646
54.7270259922066,457.175758722096,24.2593150121992
58.0630979903385,436.904741062951,24.3785724021163
38.4048416205097,450.849030877396,20.6961703937911
55.1844954229344,456.082710285509,24.3233033858342
58.6153006145457,428.475720538347,24.2550231120576
62.5481327085162,360.856188257727,23.1608143744628
62.6120490732391,412.627302089925,24.6361763569411
56.5010993207931,385.188641719109,22.594131107396
62.6043516483049,366.471518070659,23.3310585229183
62.5183850626882,423.08803025002,24.9121844099398
48.433269421534,460.217013711129,23.0401713053939
62.4992252485783,458.727471329812,25.9147329943574
62.6172227357679,454.892659645479,25.8308982902825
56.6112115107382,458.600147211001,24.6902352642402
62.5987718389261,460.104686673562,25.9742693756396
62.5646584019063,453.48137743772,25.7801417481318
47.3445085242532,384.009497195321,20.6621763025879
59.7020549432607,400.784979187226,23.6983297506785
42.3880612249542,424.86881008695,20.7883781929606
47.9821005635266,378.938001617357,20.6511553287757
61.676232405162,332.590998270882,22.1817631281822
48.3641632299263,369.311815944318,20.4585167952395
52.9915956769647,301.381718909497,19.4995651591308
60.1424950546312,387.727642362754,23.420894166425
61.8354512557957,326.053526327986,22.0301478785487
48.9799866853871,363.780876445135,20.4300065068267
60.5097930716496,451.261285900356,25.291358318311
62.1909380157442,444.085964835697,25.4373061898809
58.4242509148205,426.78684555016,24.167711390943
60.7461346199839,452.89816857191,25.3865931193193
60.6483437004176,460.115485845878,25.5701457281827
60.8835811425646,455.453353334051,25.48725615402
62.238857956194,459.565387790573,25.8844091104725
61.9855114923566,449.918376695924,25.5594279486848
60.4063120601121,460.286392152499,25.5247862533697
61.0981541070863,456.630792084386,25.5650016404277
55.0445698247461,424.725163987062,23.4086961940055
31.9782532203988,442.6423229124,19.1318209507256
38.9616828096203,407.44685813517,19.5858786705009
51.4437412142279,450.175340700655,23.3808092195232
55.4926945575756,421.235856923479,23.403072287531
32.8829825580554,440.15954829253,19.2493020054718
55.7592514166838,414.482679252536,23.2676220641789
58.8415978684975,363.543906910132,22.4681563602628
40.2338104120481,395.104585052894,19.5010913029788
56.1856075657008,410.533928267734,23.2445088431037
61.8362468745044,453.673444775425,25.6345271934469
61.1036042051691,447.379063437244,25.3048464044691
60.3997769063251,431.602059495019,24.713334399382
61.9818712025105,455.063585119122,25.7039829926021
58.7659161332917,460.310741399118,25.185331633346
62.0640133775185,457.170724230604,25.780524853034
62.6795007821699,458.632961289479,25.9494446743304
60.7521561138805,452.516687318954,25.3770679871511
58.4331672726581,460.234905377882,25.1141931566799
62.1878691217121,458.101420653081,25.8324913375886
57.7916448733997,419.385310398635,23.8275055739764
37.7881880711322,438.824584667285,20.2287131245472
44.0318282513757,400.979322492409,20.4545377091664
54.8398884515314,447.238542182018,24.0020727327972
58.1490523859011,415.649261007195,23.7961026656488
38.6022001884607,436.095067719558,20.3204151774403
58.3603048974365,408.448037685593,23.6365312680279
60.7028619402722,354.859467945542,22.6088324289557
45.1579342859025,387.942261431616,20.3198501655224
58.6959438261253,404.252544372933,23.5876390450996
62.643947787456,431.73106665817,25.1823150936096
56.1877976025713,409.787390741558,23.2238794029605
59.1592821494058,443.984260058024,24.8058085801409
62.5630965080576,394.250545199727,24.1070334346897
62.6001048090183,434.703395516247,25.2571679601025
56.6005592289607,413.766252043349,23.421837230674
62.5667411767347,439.683542629826,25.3908981307185
61.6371425861614,458.137104381118,25.7193038842075
59.6395215491746,449.83694768193,25.0706783795542
62.5011296144844,442.196427566684,25.4482616826107
47.9598562061916,456.83024365785,22.8463588557491
52.6584103912105,435.97630617539,23.231669372561
27.3592353077292,450.255440913367,18.3890581987905
48.5844010170763,455.682915224504,22.9434579759799
53.4795433120019,427.394441631075,23.1595672064387
61.1692115903338,451.559674314866,25.4365182583281
61.7868572708788,444.486351528574,25.3648261574756
59.3696464559978,427.363468073736,24.3800275738199
61.3655837161416,453.167988297911,25.5226584179645
59.893949771476,460.157193450869,25.4148971971886
61.4786634996657,455.671296769742,25.6168038383081
62.5079938682754,459.476528428689,25.9377059105289
61.5170945859081,450.23831840998,25.4713356605505
59.6119487086441,460.299531068981,25.3604430810037
61.6532670416609,456.820166831567,25.6854546833438
56.329904907209,424.125997323305,23.6582937378676
34.6130645889043,442.219392079343,19.6662147098699
41.2705477331062,406.717124504538,20.0440215454135
53.015053319184,449.854408145964,23.6975630062452
56.7380602175121,420.608121571212,23.6435751900212
35.4778245040345,439.708048770964,19.7746011232441
56.9802503375636,413.803067609959,23.5016073523119
59.7366503443576,362.55749246998,22.6258907641642
42.4783391739508,394.294406443442,19.9436219221623
57.3666370640541,409.825747936648,23.4693994898648
62.6878780876376,427.501681226733,25.07197881172
54.5183443867156,404.212125797509,22.7202565425023
57.9036718975086,440.751989714047,24.4541679706071
62.2439316420824,387.896338807567,23.8613992623568
62.6947829070015,430.692183724158,25.1635160386941
54.9818538109068,408.409160738648,22.934898730697
62.6923568832341,436.068500198086,25.3148497692217
62.1766012566191,456.865056549449,25.7952377736352
58.4655967035951,447.21902033765,24.7533256904133
62.6774931187855,438.799558774292,25.3888976815951
45.495698308316,458.109436099029,22.3715330943009
50.6080954572932,439.598493216641,22.9088258620372
23.5955368577748,452.531748442006,17.6729281096981
46.1709909170023,457.180281305031,22.4853165750128
51.5109137844024,431.630971672023,22.8710116163077
62.4752923651469,432.26328108545,25.1623744408982
57.3686184663048,410.495840999538,23.4887349655311
60.0141565681197,444.385907518429,24.9944132584798
62.6804181082416,395.060993736073,24.154249024838
62.3914799641827,435.207041255017,25.2281326660191
57.7414106701677,414.446133612819,23.6775981518727
62.3337495928425,440.135312078286,25.3553452222779
61.0782045572495,458.282071032003,25.6075000915353
60.4300598063053,450.158150163515,25.2436708021641
62.2281686080657,442.619628326635,25.4036141327982
49.7665936337039,456.641138837562,23.2156520221648
54.1392013737031,435.480398557527,23.524711654745
30.1895025762645,449.935769126204,18.9668966962565
50.3511690220621,455.465241715706,23.3036565010236
54.8959981329114,426.818089034392,23.4369972328936
61.3588917981751,363.727840110228,22.9953213587072
62.4593439047654,414.609231321536,24.6604855838487
52.0569517247095,387.681651704951,21.7430273841402
61.5422166955943,369.26032123789,23.1895816123865
62.5702740292156,424.8366704831,24.9723285050546
41.998657135018,460.107130037131,21.7028268526645
61.5383483436164,452.442986849748,25.5380064802173
61.4568706430329,445.682257339826,25.3301767000283
59.9267788475879,429.099482371278,24.5445792209305
61.7084453616022,453.963746610448,25.6162257095335
59.3336741851892,460.253858441159,25.3014519318173
61.805506932815,456.308070246321,25.7025596774947
62.6205665552953,459.173045920263,25.9524773941739
61.1448146379289,451.18768516293,25.4209538204005
59.0253980145353,460.308641836926,25.2390768853121
61.9538353669883,457.369386085802,25.7632895922102
57.1105068296474,422.258580266142,23.7674153008019
36.2807855307788,440.892083508469,19.9745373773621
42.7239979288512,404.44955994866,20.2813598573641
53.9836508799299,448.839692851461,23.8697479944008
57.4923870321284,418.653150291705,23.7447758226353
37.1192703380869,438.293185977745,20.0750028604161
57.7185589398687,411.689111494494,23.5949965325436
60.2606882005332,359.50328036951,22.6482955888543
43.8894960495625,391.780302829261,20.1652278514103
58.0786705585372,407.624237598837,23.5548677397763
62.6889063082188,429.234001112409,25.1211158234685
55.4064916267329,406.484554169475,22.9685946588087
58.5775483913963,442.084162101008,24.631521731372
62.4329555009711,390.481360455903,23.9735996993267
62.6695360197607,432.33694938749,25.2047321201224
55.843725943102,410.594034888269,23.1753159166832
62.651091783682,437.55428102546,25.3482543982676
61.9210654109375,457.410581391819,25.7576580471395
59.0971798773496,448.304653666308,24.9149470684755
62.6099529114113,440.197785379321,25.4143813803208
46.795310717489,457.63113487895,22.6275045516524
51.6934371203367,438.179936011558,23.0938129638472
25.5679975402543,451.653299723211,18.057116316066
47.4443282183533,456.614425862607,22.7333671020441
52.5539621273126,429.965875408636,23.0402663354151
62.3000696879214,433.863198259187,25.1712258748547
58.0805148085153,412.635866659564,23.6967875040455
60.5117821642007,445.585677193451,25.1314814414527
62.6931910693236,397.51361267247,24.2261638840158
62.1899821791351,436.71940420641,25.2290631696554
58.4270319045562,416.4986050505,23.8777297600669
62.1162335954836,441.488690193721,25.3484642735318
60.6464178137612,458.695193162433,25.5296347872476
60.885392082253,451.111380780234,25.3650066024343
61.9843775028848,443.885452219724,25.3888122537319
50.8899551450701,456.030434905544,23.4313379017243
55.0482921389398,433.929438640504,23.669413178763
31.9857123609373,448.92491769547,19.3107993248324
51.4482554256063,454.766983561343,23.5114214502629
55.7627955780148,425.020590059067,23.5659663742089
61.7026796076842,366.716873121049,23.151022687081
62.5888609681449,416.658008347353,24.7452025566809
53.0735878075252,390.270537217057,22.0269454615303
61.8597293972813,372.161800026366,23.3373620104401
62.6574977724618,426.638908450613,25.0413130951842
43.4267583869893,459.945285957192,21.9943782710998
62.5925789229774,429.789085961408,25.1168185637469
56.6596405275342,407.215874849173,23.2490936143692
59.504750847178,442.508679983131,24.8357698027008
62.6226051382229,391.314679413967,24.0364586824648
62.5332392119929,432.863465547979,25.1913402190288
57.0569054213768,411.296786879457,23.4467202308718
62.4904282368574,438.028920895638,25.3283448828169
61.4344554190934,457.578418464422,25.6614976474571
59.9600461715481,448.648726569611,25.1035828840752
62.4093199420604,440.64385656099,25.3853772234982
48.6743761820689,457.464900480381,23.012441111058
53.2465561398971,437.706898815413,23.402498639021
28.4705928458573,451.356498357766,18.6505982065219
49.2834242604068,456.419622775528,23.1092090200777
54.0427449852899,429.412393233672,23.3333397548598
60.9927709110553,359.18126633978,22.7910014506338
62.2927952354744,411.465396166155,24.5371635711581
51.0641385588175,383.732045523247,21.425619897439
61.2005684984541,364.844366884445,22.9940251344741
62.4431174461091,422.060639269112,24.8675620300543
40.6226044562616,460.26125164861,21.4218498060184
62.1277545674922,367.682019813517,23.2664210499129
62.6879894829333,417.316352242245,24.7843500352811
54.5221926083562,391.105116942649,22.3508891554126
62.2448349345628,373.098378030324,23.4436657319
62.6922901256671,427.216807366686,25.0648483180553
45.5012797515991,459.882310604517,22.4227595688271
59.7818438312191,337.351825324496,21.9234087636543
