"X1","X2","X3","X4","X5","X6","X7","X8"
-1.83072936107897,0.308654550613529,-1.7848776812772,-0.114604503739486,-0.203704862249006,0.410294188722134,0.15213030261206,-0.594209719612297
0.356604099880337,1.48115963626557,-0.576220900004502,-0.692361384036159,0.760449047845523,1.04970138456518,-0.207747962121023,-0.653807462844464
0.105915751875066,2.04162797261168,0.98434284654127,-0.102971309987473,1.492753809127,1.38397801010662,-0.63091226468479,-0.43269997077241
0.979310103557949,2.93608897244917,1.33545325676142,-0.0328844676404857,-0.0449757470427629,0.422059136189311,0.29689044086111,0.214835003553758
-1.46639710174049,1.04470671349217,-2.09593139143308,-1.19768424774787,0.144546784088827,-2.62757183868045,-1.03442338562833,0.886380960139456
-1.40946221773903,-0.183770211402464,-0.00427245686179884,0.0890635399411515,-0.519754360516827,-0.0832627279724883,-0.176712087368328,-0.362789988306783
1.56839651461411,0.384870512305067,-0.0147356666300223,0.184389908638166,0.564355608588505,-0.319451771287515,0.197093069487099,1.47844525385668
-0.970888489166831,0.44876471407209,0.458672612432908,0.678266946695819,-0.717962853853312,0.589150480732486,0.548332231730326,1.32351207414565
0.0758989723421927,-1.22078837393381,-1.50658895450484,-0.0338614987845566,-2.34599222642567,0.434506004879704,0.291349576909144,0.160014972761032
-1.59056011196766,1.58279112931817,0.055370482822734,-1.22846937745049,0.920223770797045,-0.697278086520843,1.06514869182687,-0.135208345743727
-0.537120585537737,0.0711443666628071,-0.403374724998897,-0.634646896552248,-0.842053657543925,-2.3617009231692,0.0690864463061089,-0.55983126795481
-0.144372000445232,-1.92210557050883,-0.395741556234516,-1.35207994447741,-1.1495354416878,-0.497099714307706,1.08135696528393,1.65938289159446
0.841426612857116,-0.13942440794079,-0.414860470521034,0.62551951186359,0.385669916409742,-0.244052561626854,1.36300547664393,0.0438388259448769
0.399411081144699,1.04478552374821,0.99240431942737,0.392527810570915,1.68603831338926,1.77452649148815,1.31403552815233,-0.274186083438395
0.819146704061677,-1.68035336563344,-1.29755023560054,-0.599043163393647,-0.538337539027525,0.514915885047641,0.0337788852416238,0.275579067903092
0.477489933801613,-1.23806277294832,0.371971006876275,-0.295758069474562,-1.02222714213206,1.53806453372346,0.906285585886006,0.892003028581776
0.158835556333175,1.2579858364668,-0.328199694911579,0.167067052150916,0.0113461685152544,1.17247654965233,-0.826631598305294,-0.661192515342273
0.762672433640958,-0.992455719360352,-0.416002632602988,1.4922663480389,0.35838611212458,-0.159666461076031,-1.46600973917693,1.16534537515823
-0.235405578055571,0.0928613601914221,-0.980318317785362,-1.25049506141751,0.349930547455432,-0.0550312596825331,-0.102247479720433,1.15127512123418
-1.58692540488232,-0.691091904673656,0.00264065678249212,1.56702745337141,0.331562268360429,-0.139320360121404,1.29829350998557,0.026648054096344
-0.0686151241498495,0.634055480159964,1.04179758458099,-1.09596262301948,-1.3608178691346,0.683641867469101,1.06019358161248,-0.00440484008808508
0.708318165325865,-2.75492437260077,1.01197657848607,0.449680325736487,-1.35376513744477,1.23685636849279,0.295109216034586,-0.73351589619767
-0.714728247839235,0.808448010335269,0.802630864155563,-0.23773591196557,-0.208622016015874,-1.85632329639055,1.16785186575517,-0.489626420794941
2.5861952543335,-2.54260724310529,-1.00618787019938,0.63840895098741,0.502366787230805,0.278359881138943,-0.220093578273704,0.823211525045136
-3.17201437833982,0.319811217435015,0.194062007387721,0.592566406572357,-1.7327283543638,1.07974740943407,0.0883232742640016,0.54039178111165
0.147804668655799,0.191676105002391,-0.193104111482647,-0.790393124416464,0.459400188316593,0.381006639938234,-0.849486503483592,-0.564013149585771
-0.66369100456688,1.08447611358751,-1.06073790085501,-2.85190920009159,0.597791390478491,1.06784907625764,-0.413837004406674,-1.31069345898419
-0.609125352304905,-1.29033270833895,-0.499624276550234,0.80846656384037,-1.18457655586163,-0.743404704275255,0.397031875724006,0.965397608083572
0.470127128037295,-0.204014214705119,-0.377646954039814,-0.480032164569951,0.452224659250721,1.36291063154332,-1.05889231974579,0.219259008001212
0.264782789167762,1.2440470546649,-0.19517800937813,-0.970855215535623,0.594688450398887,-0.922792052427662,-0.852975371190117,-0.305269009579613
-0.0699553447400542,0.788649709807415,-0.858942753164108,-1.94774804739416,1.09557561436607,1.14157222792382,-0.742176079125798,-0.0354284224030437
0.46708712526686,0.516894082100965,-2.23571061100507,1.03906686023458,0.243379151951171,0.391948513153875,0.782483319212678,-0.475838448425912
-0.399457799284688,-1.94499354181062,1.91587461471176,-1.3939645262978,1.50862330795642,-0.357786420421768,0.495660883972981,0.612138846649861
-0.946592046499255,0.539350159044514,-0.22530334496564,-0.00666091544751173,-0.384992608877833,-0.661420676895082,-0.30113502545272,-0.175882811809775
0.917885104669175,-1.8835555932148,-0.329541186998378,-0.534011605512412,1.70551516802212,1.31319439077446,0.152841334394172,1.07257116784254
-1.09509461976915,-0.958895900043019,0.843865961761723,0.764078049900721,-0.350219212191796,0.47387149373226,0.722408425665137,1.15686089878042
0.113395510647501,-0.394755705523306,1.69322364306792,-0.310228351782368,-1.25417920233101,0.647998477762079,1.07601753639935,-1.41857111454754
1.44832859600103,-0.361240907776147,-0.0494570475820721,0.559742962117535,-1.80315290878277,1.30675255910821,-0.518598329322547,-0.117143774570152
-0.343654489575284,0.69783962419587,0.33769781074607,-0.335295835958464,0.64991645197301,0.111512695482758,-0.321637444093925,0.195091215424629
0.429463017414357,1.51570205701958,-0.161486844589814,0.688736523251016,-1.3196698334163,0.979031796216839,1.4833729233403,0.90220184056221
-0.201382236468752,0.664089248925798,0.521615714845005,-0.627432900471898,-0.0237405186939566,1.38922667567612,-0.153460854220169,0.862769876331739
0.269510808819621,-0.234207598674303,-0.812960318065675,-1.75847517584233,-2.1691255180585,-0.385104188984008,0.511660155820661,1.15325711572643
0.611812462658306,-0.551370962103653,-0.0953395450645136,-0.310406362589167,0.121543288774103,-0.403530597996874,0.587191420316622,-1.29176527970193
0.579774265945338,-2.96290616968935,-1.32705535447197,-0.943196468062322,1.51152346040089,0.640665143627522,0.830019524769295,2.12196829699324
-0.096123859005597,0.163761600544427,1.36952587381362,0.956749240440666,1.02542531703554,-1.39380279614802,-0.675025786433786,-0.271291553746851
0.0564887984338082,1.14706154511887,0.775124150263698,-0.750933872648817,0.565203528907384,-1.58435386430088,1.4504379721232,0.717540292325607
-1.4495695219547,-0.240461960832872,0.873408246350471,-1.18204335707972,0.891275283424597,-0.054490830012192,-1.73460898713331,0.271440851870169
-0.614619557002275,0.95235421191003,-0.619448419540002,1.78146736643855,-0.994385869864387,-1.49852932775872,-0.182786192404838,-2.10367557042939
1.21089962859717,0.466279780554541,0.610211847712033,-1.14812065321822,-0.00612851555682206,1.09826317132198,1.65537508410648,-1.4099788672402
-0.192786016686348,-0.120773028193475,-1.3542433858803,1.42966579264108,0.556180839789269,0.695471984323263,-0.427767189814418,0.325545512574062
-0.715020021227418,-2.82250657418234,-0.564964725629547,-1.35336966574497,1.45041358474993,0.554034958824386,0.415849174398559,-0.314075102496865
-0.713490705650039,0.226157743759097,-0.538796562528066,-1.30205638263379,-0.196221521004232,0.193979772022066,1.15097932510364,0.799284504155065
-0.22784205464637,0.963002145315393,1.23312897981034,-0.951301707621219,-1.72020373436783,0.780601952130076,0.0779536926574483,-0.230790354468472
-1.76616882541603,-1.54700098094173,1.1576622726248,0.466467483044169,0.745958415221156,0.00836704699042192,0.581782547143639,-0.640875535510521
0.532117672281378,1.35504406653926,-0.845211673807375,0.233098731408193,-0.138537322721345,-1.96785202010284,0.889341971037458,-2.05745290071392
0.478554940690037,0.259668056800279,0.749407976312516,-0.0202856976804519,-0.189538508662599,0.926647993366383,0.232295946871038,1.51134221056272
-0.151985256628195,-0.575363951529255,-0.173640140106702,1.48332066132239,1.79774576978639,-0.576509121193993,0.986906448688591,1.34896589732039
1.08878952115134,-1.18425425111224,1.3366393860893,-0.99745251729528,0.542373386527848,-1.55650917427912,0.431664035357221,1.80931161425013
1.50854496227427,-0.624644694402995,-0.228016237094829,-0.911783210146823,0.188546530311723,1.34499693710204,-0.696184963125211,0.437400588698886
-0.0265960939273227,1.38660625195804,-0.62594383970602,-0.348277608084174,1.2754942432498,1.05420515886517,-1.09929163639685,0.29264320699721
1.87027516773939,-0.408321586909811,0.969534850148006,-0.223547193846309,-1.25219947294629,-0.351238311369988,0.36522599445562,-1.37992500286874
0.323794370077035,3.18344479989231,-0.605653394051194,-0.0987925761863059,0.412235344772901,-1.27387178566587,-0.257065630021183,-0.621393447471689
0.932613402045276,0.0279669916680171,-1.56707861604294,0.254459378420902,-1.02511259498894,0.651619344064798,0.376962687430691,0.00588214698962899
-0.000909570493238421,-2.6420322080285,1.27279990200554,0.0240116487691341,0.110376356078093,-0.409387884765474,-0.579151862341116,0.748462424098093
-2.65849226175111,-1.81558647628966,0.531572975816913,1.11481710355747,-0.411727989823251,-0.00743121100732214,-0.0725766806308869,0.0670618280337422
0.000421046218308496,1.45062029909581,-0.0371245976177709,-0.507965085030911,0.499640914432437,-0.880746512826266,1.06274261779467,-0.561394378300851
-1.63289782107008,0.315357837778566,-1.08976101045955,-1.14738618638429,2.23733088233854,0.527711851255465,1.03254715987185,-0.275000079023499
-1.08166661518304,0.558430572337908,0.461556389428204,-0.62817677175233,-0.00113886841708468,0.754523583952816,-1.65708030752113,3.43740887710352
1.16917578125816,0.4451259559311,1.13083343177168,-2.00252781409159,-1.84298592867524,1.29517222392496,1.04651647446355,-0.990023260430716
-1.15070593620178,-0.604623417387224,-2.93576510811894,-2.47718154321668,0.121568135928744,1.42830634107493,-1.05608388475588,-1.07005024357026
-0.216228370728585,1.39328848640387,0.19992967805639,-1.22440990864719,-0.278497339290265,0.244855294787106,-0.400306438335112,0.74753421361275
-0.137477044784722,-0.795344123802133,0.0603478100734238,0.0359129301873645,1.39053166022308,0.18963159633786,-0.711826440939012,-1.79919872129006
-0.340006401202338,0.846538343070619,-0.720299162841016,-1.52375255788753,0.914742711251894,0.274871555541648,-0.256317281579462,-0.866469237301413
-0.60296397141124,2.55117114709239,-0.321220065575523,-1.24514191322766,0.32411370887965,-0.365139755317039,0.294779171099484,0.699617293019021
-0.936639828606162,0.31989695434727,-0.180445489162269,1.70894431770142,0.589936435948379,-2.39513497013888,-0.222149684327574,0.266149690263742
-0.412039853956889,-0.576401711318259,1.94511218160642,0.633821177717366,-0.25690264452684,-0.499675535324573,2.92295159826626,-1.22598691261658
0.666363911614205,0.785113429759768,1.14650469661076,-0.740954094794567,0.0229752150893136,2.09818226890235,0.0719682130537852,0.821213066924279
0.495832273368382,0.164715592594563,0.255855378971387,-0.876365589784604,-0.95012029011846,0.132553681223123,0.547613858580887,0.718362556247808
1.22916570403158,-0.835069487236446,1.39097219374041,-0.447068047826421,0.858665079258039,-0.450012524713974,-2.54088815900304,-0.685460212131221
0.362037048483852,0.96592394258844,0.440559716546734,0.282792058372227,2.65969333950319,1.43513160525838,-0.285450141731207,-0.451185057660851
1.28598686132206,-0.282662553219332,0.629965497720933,1.7598293718733,-0.103913755538373,-0.424513558375216,0.324569055172539,0.979372129443152
-1.77538944028812,0.556939006667178,-1.04278016791681,1.50537508522989,-1.65665182114041,-1.07706785211522,-0.679526388515423,-0.233034945534104
0.647017833550368,0.0379525302725693,0.126293485317151,-1.53260201605586,-2.27940352092533,-1.20411255039412,0.84089573226918,1.6696436855935
0.344559026220034,0.358381626030451,1.62034014489079,0.210106115732025,-0.186531397915473,1.02592335900554,1.445836942529,-0.281875051406449
0.153496606674992,0.305009373327808,1.83089361708432,1.43999491781648,1.05733518475543,1.13960924276755,-0.100403799886336,-0.276283439374803
0.896245244021618,0.29142426251899,0.319504340532391,-1.08220959200822,0.0780645224642147,0.017067128808372,-0.684346941085545,-0.656614193939585
-0.513919905577262,-1.56603909488112,0.276643994176521,0.646044465349408,2.99120361527749,-0.931703334290303,-0.840526866474103,-0.666229628642094
-1.79311503343867,-1.06765774897695,-1.07833936111883,0.85596198879513,-0.24859854054356,-0.309342309428546,0.928710773970199,0.40457777929914
-1.16899235308383,0.734287073727107,-1.05961154063814,0.0610565857424172,1.44056609854299,-1.14223163458999,-0.138203637432569,1.07971398302941
0.379222305778557,-1.32176877958865,1.10738232778265,-0.826956459279802,-2.13180018975093,-1.44257912547543,1.1477436071357,-0.34398510927201
-2.16142083086462,0.819856393217444,0.134857301538157,2.09654219813911,-0.890501317689656,0.0106798676325443,-0.461107457182562,0.141153039948817
-0.231682069751882,2.23919162290513,0.315324338578536,0.187609676197854,-0.257611008517748,0.334262911702971,0.949736744690829,-0.0644039862321903
1.18580755851426,0.593680682612634,0.758402671360585,0.0033027398691177,0.164320875780328,-0.0192055937560607,-1.72738168163459,1.29372381199852
-1.11831268979658,1.16540811602713,-0.784732428321128,0.660907206886528,-0.0870149403700493,-0.988073461336901,-1.55374595499884,-1.09245573889704
-0.0342343361607989,-1.07541567760091,0.280919356167752,-0.368052688960655,-0.11684290259905,-1.53654163992134,0.956804849766399,-1.04733974098841
-0.522188716633881,0.624504513295837,-1.0148405119501,0.493815484851956,-0.0957307621795826,-0.203533082071099,-0.274538382856528,-1.67164461713838
0.550639697264816,2.0318538693965,0.810288649377763,-1.30338600399876,0.0390450154996992,-1.41589210541268,-1.57532747366316,-0.586100270473109
-0.164212398762314,1.48091838789724,0.283272032174436,2.11777967551908,1.3709356988503,-0.701505094016122,0.575248196671153,-0.606610305025372
0.442706875259985,0.0808870496875982,0.576508191183962,1.27936648541969,-1.32853911652856,-0.50779168068839,0.168943852583924,-0.427298458425755
-0.355231438569833,-0.39332572728162,-1.82291403711933,-0.450994226979209,-0.3848709068182,-0.377986861698159,-0.437358656997689,-1.41266630378555
0.274663020543357,1.50105654283632,1.61375916486682,-0.0135339908955116,-0.608468936366135,-0.514230665422107,-0.543870953328843,-1.11554195182528
0.723423756575339,0.795792350657027,-0.29750399490088,1.99810628475548,-1.31439933743064,0.500842348337612,-1.19991727049713,-1.20797325667656
1.72951739967849,0.474841768112696,-1.45159176861556,-1.5498973236582,-0.12211285573588,-1.73001477776801,0.576852483903717,-0.0261746823234599
-0.357921693025865,0.404627612251659,0.645034193506873,-0.282782253326481,-0.384331966736178,1.49325971530321,0.90589844943004,-0.471045385791588
-0.681695028612314,-1.66307465574668,1.2829306303074,-0.262482344967564,0.608765769530451,0.490308714667162,-0.729751955636735,-0.235034062047155
-0.277951011439071,-0.0929546915314565,-1.49882504177898,0.758925622667905,-0.312472901737128,-0.0343192784113656,-0.442463393805074,0.794243691265657
0.855935836040246,0.611080505478606,-0.417177242008246,-0.627568175410323,0.463565284283166,0.530434317241458,1.08921113640911,-0.943493882748777
0.0382080563111369,-0.528333561122302,0.519847652706684,0.160530245716739,-0.540863552945712,-2.76872745464413,0.595985607431901,-1.66833841555876
0.845792284340488,-0.212837908865439,1.53955424543644,-1.40944779626828,0.371762626415198,2.15021004795038,-0.250812550419013,-0.0983810404581726
0.204621983399501,-0.110725759595263,1.53141316329803,-0.117956404902291,0.343185148047398,-0.367433026332915,0.159480766401092,0.324713373213007
0.743915731515245,0.757865319227337,-0.453997559462935,1.61020316882684,-0.683059806430068,-1.81879048682515,-0.579112929498105,1.56034471657059
0.528975780420047,1.31800657084082,0.0989664772226527,-0.709574206039364,-0.601591287244192,0.0663264317020986,0.529087414889736,1.05382548327756
0.397800236430469,-0.498738293713735,0.00751993593805544,0.413294528883373,0.0127083286669936,1.10071222330507,2.88240550420863,0.735964484353876
0.702450177190975,1.26562723443736,-0.93011923955276,0.171441655630601,-0.961475428258723,0.0233615728221845,0.0889904759492622,-0.732285349205391
0.383947371051194,-0.840772970165889,-1.09407748008752,0.405270715201186,1.74078862589484,0.102836974462629,-0.836733344909119,-1.09429010900234
-1.35752831863039,0.418336700780257,2.05690581425384,0.0431230223752931,0.790628652798892,0.199151694727703,-0.237262138438487,1.16075714546319
-0.639951502412264,0.347413515620045,0.531951906076162,-0.822284723812355,0.076501182279112,-0.963247183712795,0.463894734557166,-1.5063443329311
0.582301757075278,-0.877706942859496,1.36847977962816,-0.485901859489663,-1.35722317449727,0.641923688780637,-0.274416623044821,1.54681967772375
0.574308390914637,1.34193041108096,-0.49323744895352,-0.228497878082086,-0.801810253333628,0.672708343382673,0.00834797725256135,0.0610895137506837
-0.704407065147926,0.744707729193094,-0.180758244917824,-0.807647449100276,-0.648251721959564,-0.98240088315716,0.75350372690539,-0.277439319241395
0.783147753032207,0.541317821308668,1.62430380554387,-0.431938408864582,1.01921437080057,-0.493748068818406,0.653266505314708,0.143846158590308
0.821563178808885,-1.77797373299783,0.688188052481551,-0.597683888140329,-0.363615129352038,0.037606594036847,0.455068110826166,-1.39101143948678
0.534321258798418,-1.36782076873293,1.32288563594499,0.614336264695232,-0.317614081663542,-1.22229411935502,0.831685958058042,0.488851742740093
0.520096962586378,-2.53892902215336,0.011500685272095,0.323480728902703,0.383200918483102,0.509308450185675,-0.442557628182474,0.302047274270961
0.817495451167,-0.340110312981015,1.24950913742234,-0.91493364455666,0.763384897778358,1.28522566098754,0.279375205217526,0.169496281533383
0.785242348477833,-0.21969566514139,0.382613393207236,-0.921152841965639,-0.952008345346843,-0.942665638726552,1.31665697233644,0.266426860036664
-1.07813216841226,0.172098859881177,1.16241673372403,0.52717081744777,-2.23026230058474,0.46126249798625,0.343642127950508,0.158014548456223
-0.220468108107267,-2.85452672469231,0.00665762351346517,-1.96463071389187,-0.222033353498847,-0.154640742099534,0.358504101998958,0.552654237074021
0.0360001521162033,-0.693423712663918,1.90253036938226,-1.60820420471594,-1.00560000695169,0.241092761562591,0.352873769374019,0.0551356090148951
-1.59805983328565,-0.732001380133731,0.262118009185862,0.032236797968731,0.748433195645345,0.136025189816414,1.37710552399915,0.213827177612906
-1.11028004379774,-0.796058329433335,0.416247563923421,0.467253175366961,-0.710040519706245,-0.682952343537356,-3.35301785374754,0.241833891177994
-2.08050821137958,0.0551034299523749,0.820867411684361,0.41578826467728,1.52354290166729,-0.654834853526548,-0.920251008862574,-1.57850615070403
-0.401179528847571,0.100178490320857,-0.213582357313625,1.0171673942651,-0.00794666232064425,0.453180964690558,0.404957285497165,-2.13556958259816
0.372299564682947,-0.526825832593835,0.637623732400771,-0.557327814006851,1.40620898663447,-0.0886420259513593,0.637701879996758,1.36376992606225
-0.629551272537523,-0.473523166071357,-0.629668433670115,-0.480530859601519,-0.431807929311452,0.894469134768896,-0.403664272391551,0.563186367424149
-0.109123332805755,-0.523125597905085,1.85410821520537,-1.09534510417746,1.30635310702525,0.889305787130421,1.0020788975205,-0.794142559720738
-0.736139269475254,-0.510870761685413,0.167427687160179,0.527712540229825,-0.249517728357519,-0.251380881261725,-0.80885478437119,1.15148199774276
-0.949332997263779,0.0204184916259199,1.14982192502925,-1.14926110091162,-0.917625324407104,-0.65390052381413,0.236193755633001,-2.42299039723501
-0.266709272050203,-0.0107405872676122,-1.87245429919962,-1.97542912671031,-1.09149676138358,-0.331599818379151,-0.735243700182237,-0.316147829694059
0.28004948243494,-0.248704500616545,0.0606175214277857,0.37588956612781,2.05112157696066,0.0302356077894074,-0.49625112484008,1.21461484168553
-1.40375198196692,-0.356883079111389,-0.29355463928376,0.835718948585262,-0.145277915129409,0.402134822474672,0.102751032268826,-2.28147099712799
0.529533508987994,0.986144720114556,-0.0361245163286136,-2.08021730610816,-1.55409134315253,-0.149964505705088,-0.261593351766771,0.99865789816543
-0.606163680894486,-0.570974968177726,0.802099685875154,0.454800055294455,-0.67901359109435,-0.879849971400922,0.628356230034742,0.143199516547838
1.29895252481084,-1.72397900631765,0.0605393052796663,-1.08083628778034,0.726932078094617,0.499068878565214,-0.274898714988938,1.48378578100535
-1.35100310410537,-0.27027042715364,0.515633640067953,0.953284857709488,-0.411686610809818,0.700699251065207,0.977960294867148,1.76378626579347
-0.692247495804852,1.15426294086723,-0.458364009919973,0.811405963419506,-0.929189004351745,0.922764786039116,-0.837206964523642,-0.10508775520284
-1.17034126910534,-0.386780312987059,1.2257619551468,1.53371097515364,1.89867222514348,0.413183539485505,-0.41319658273769,-0.528693147623984
0.928489679777625,-1.62774000382615,0.105945211289649,-0.0716937567549354,0.204248565861297,-1.50547594236724,0.720395633306898,1.81289353270953
-0.348036760411557,-0.492249489856751,1.16597140482313,2.07215342468573,-0.483698710737245,1.62474948795204,0.462409365860875,0.808996030390056
-2.32978412587255,-1.10351079671814,-0.350077364827785,-1.69712358188204,0.437474524100414,0.697153389859727,-0.316474299655791,-1.36949378473898
0.669524685302083,-1.67130821955559,0.92302201507359,-0.152785453038323,-1.59873964245087,-2.1388023766969,0.138128372579268,-1.65230231756037
0.430523208396974,0.71519165781436,-0.876986651198585,-0.626651563834488,0.278827717001686,-0.0106219365148123,-1.09662658515363,0.0525689753330516
-0.0977211203012436,-1.66125479620404,-0.251454213291083,-0.632745680848048,2.18987932723388,-1.58042382421966,0.573095340422861,0.399083799769012
0.270688554090537,1.28373774738062,-1.15849639557713,0.838189254980767,-0.115498904250044,-0.269963357712245,1.44199250997972,-0.665370536713228
0.691646555867478,-1.65490202337584,-1.99484454269607,-0.665825877372252,-0.317033850393997,0.141531065443134,0.272376222375599,0.430970828382501
1.2667935688038,0.689182823046858,0.92632768012792,-0.891736383484667,1.37186437122757,-0.90079946206297,-1.24469643722805,0.203836388275512
-0.307781934189979,1.08490516408719,-0.365244924808602,-1.6782534468215,0.0227339867417138,-0.267198689188505,0.200098280908548,0.521428359616675
0.17230374733417,-0.455597902894368,-0.940488292398551,-0.119697579832747,1.08665062650793,-0.378441185244608,-0.59206872379985,0.815629557107333
-1.12749961988805,1.9322334589207,-1.35442773912574,-0.0879295820571785,-1.54527191612742,-1.08026811078826,-0.362419245294239,0.212101832430712
-1.08176660615511,0.858534818460886,-1.82897789297804,0.336137546079452,1.16333233023375,0.0387067793563887,-0.794915864790566,0.425132246809304
-1.25445952332712,-0.0911106010838456,0.543018597851896,1.60247796409704,-0.664037816884008,-0.491113348748077,-0.228849027828778,1.41676868182145
-0.598724654174456,0.156189586063515,-1.57509946403995,-0.160957201198738,0.366841003317794,1.64212257321767,-0.0516255138142687,-0.665081652516117
1.00159294529053,-1.86584104298432,0.986009168446944,1.13455718200668,-0.743068832664996,-1.29722968756939,1.57470018824488,1.54612882572531
0.951250643480275,-0.97098750436727,0.52320267159154,0.541713383782684,0.503833302979514,-0.83201958601722,0.327281925884516,-1.1704965053683
0.682135244122447,-0.0754292494627621,1.2375353632042,0.741587304255595,1.19243994007595,-0.251048795494834,-0.168797007290622,0.118821551177948
0.718367023563362,0.0407013290297837,-1.26877674625931,1.63858377651798,0.147455294795481,0.220214463111101,-0.509500758610143,0.724312891149083
-0.285321634451419,-0.376019395129278,1.23914371800502,1.09429364716542,0.273177839880144,-0.552501372963178,-1.60933506364047,-0.820191280715641
0.0211313990787701,1.37116517742664,-0.779111622216853,-1.82470677132212,-0.597922427511875,-0.392720891107522,-0.495204103379562,-0.479444062637275
-0.0434474656245923,-0.507449961572946,0.84151126604173,1.46225653795685,-1.26357714296213,-0.158358475271241,-1.2350545059528,0.444239744495519
0.210697766130546,0.030676317643377,-0.107461681798935,-0.0043435115501597,0.717728316320515,-0.913676509027445,-0.0318297478411207,-1.66951649372781
0.332434302628853,-1.14044193494193,-1.37251804573241,1.09447925902165,-0.0140676287267022,0.548999600027189,0.611716727929576,-0.793240058691527
-0.423160419200446,1.27507940491662,0.995285977242615,0.724711962974587,-1.00485850924396,0.13908948154647,-0.398553308275217,1.43727942562361
0.196712983787995,-0.395842898739489,-0.0523680284643781,0.618345853447117,1.66617039788185,-1.41014488422649,0.693303469207343,1.98065944372791
0.155694550809569,-0.416730019286697,0.337070763048742,0.820227796755499,-0.393235182653751,0.575125551729293,0.60596925660356,2.13952551387804
-0.697971418999788,-1.87702844613869,1.09757271403666,-0.688013965048534,-0.975833288501641,0.388422029461493,0.838028955759712,-1.49175572561888
0.585512332808561,0.586399599511916,-0.129494886490406,-0.085079411709533,1.72019270765193,-0.296388001332459,-0.876764606498836,0.240321816211527
-0.271811367141504,1.25366982740368,-1.30880879324667,-0.805151465684049,-0.307181381671536,0.0174771252110876,-0.0723113058106991,-0.786802317576664
0.531273451773417,0.330972602093066,-1.20435756343775,-0.904663538035649,0.0209840603375907,-0.82536207788245,0.206349183509531,-1.86708603272718
1.04039186349815,0.232973789003697,-0.394765581590103,1.42490047510057,2.09116905603005,-1.31697785249544,0.943821186660802,0.565355372401929
0.828899954767916,-1.71532747213252,-0.78488381452187,-0.738756268631992,0.739570479474492,0.826302001536528,-0.0335404727065917,1.2047433429768
0.134845510559194,-1.61872509324455,-0.260175258132341,0.19805218473536,-0.601983483976593,1.10691201647751,-0.911940604071737,0.227335843744285
-0.388805150070964,-0.991172609093326,-1.09119899389926,0.688057587289054,2.04657412932766,-0.26708232663052,0.279331880920477,-2.03950521813567
-1.75063987243303,-0.888283674666276,-1.18021539457985,0.952587713359915,0.215997317224645,-0.246881518286476,-0.18152919146307,0.271406000596028
2.45826551396072,-0.731071990859681,0.727559997880366,0.268856477859612,2.40298538050781,-0.524174764333399,-2.38812489631925,-0.303758083840364
-0.0436484746307935,1.13175943922297,0.0754281215777162,-0.0406148556464778,0.0235954179076113,0.0781197867505071,-0.942878928080913,0.585420199620795
-1.42984204636287,1.81970738122518,0.155921997938418,-0.0909103127174138,-1.63429411983125,-0.123092610414762,-1.13879599960125,0.0963617887705052
-1.62977407191852,-0.789426989635406,-1.40386357774719,1.76264185957483,1.59787093165839,-0.274214229247313,0.124735471919159,-0.385774738059017
-1.72412217528862,-0.322668076926991,-0.00436808488384955,1.22699325037214,-2.24570956146952,-1.63970382767352,1.20703087366562,-0.208381113316165
-1.16239841889811,0.0200411225580249,0.869828997413359,-1.11785102984681,1.88437123966484,-0.163641256747897,0.166270337470765,1.68420268757136
-1.30361971984473,0.531542788517773,-0.252336230912804,-0.00617196668899131,-0.19718121232523,1.90517513928829,0.97233843777107,-0.0376078415630178
0.272421151424293,1.27861711419753,0.851743280206175,1.98653947830747,0.356297710904474,-0.216950922511483,1.4560418867619,1.57273147188806
0.644074038539688,-0.71643900926438,-0.018680651546195,0.786886245429915,-0.53456908439151,0.902369824756991,-0.659373202987231,0.853447908993011
0.620961401575198,0.502108824118768,-1.1625316479668,0.174134905259871,0.46155791402274,1.62996773087246,0.666561035663817,0.115205084275428
-0.421080264555527,-0.454889592774212,-1.54207876202666,0.101727111378454,0.624553359695597,-0.1083028074783,-2.03920563253092,-0.0991523371976046
-0.64810052504146,-0.302752112258152,0.0256322571017845,-1.1934002612714,0.907919872238798,-0.368730420444676,1.11099240527325,0.169219950532516
1.31132480804447,-0.205900579685113,-0.818318541582652,-0.871974921398384,-0.271257074643571,0.686112730439746,0.641689408246003,-0.427416622445574
0.223386929723046,-0.35067626147734,-0.0129165625204346,0.774853675542506,-1.57517243965676,-0.325141607945777,-1.44094150225636,-1.33105846730485
-1.24952329297916,2.1522134105623,-0.194729095555772,0.789274197746476,0.753435741282984,1.76224014638593,1.44248385792648,1.68463301621365
0.501123349902989,-0.894956214144233,-2.07923692780411,-0.881977722351005,-1.29881769343232,-0.276687380418749,-2.57422919211041,-0.691226172067466
0.919019932852459,-0.89379440743288,-1.63198851888513,-0.78417185149027,1.40564229516404,-0.309791959823867,2.09996585457292,-0.465381886724412
-0.280027474849254,-0.361580093033077,-0.49787905521852,0.489014731388924,-1.76618621909442,0.807511082824392,-0.0807789400675602,-0.0438779748251007
-0.328477406762162,1.01060781236196,-1.65261846399122,-0.246764615454539,0.939772767639972,-0.247518634661624,0.996478249461422,1.37396319158494
-0.281412849227691,0.719952207397988,0.283704409438087,0.155665835969895,0.164941905815963,-1.44248869146335,1.13749851085607,1.05694520914399
-0.174460488107954,-0.642856561758887,-0.235662649053286,-0.354178965165454,0.133347821112352,0.327900586977743,-1.61630163286738,-0.0320513499850056
-1.86885581675839,1.03039890067691,1.14739176676391,1.37203354818592,0.273713922739761,0.706532507971716,-1.80654345532687,-1.37608167528645
-0.0862984086579075,-1.26324449553833,-0.891295885309156,1.60394052310984,-1.27411319963671,1.23585552827005,-0.169460543483282,-1.63307121852203
-1.8287343977135,0.376796125737345,0.552463187664873,-1.06991878029189,-1.17074009065023,2.4705743524795,0.466627737265515,1.06517708271165
-0.590227414205614,0.702579720888782,-0.773175361250955,-1.3199457160844,0.334547736429958,-0.942653381663371,1.55332509962135,0.360610151355633
0.36161292072407,1.72551508132066,1.16571377865534,-0.215802560324481,-0.838096055064577,-0.0170397938981078,0.815659866820605,0.941653925306713
0.844737599726444,0.674965833292167,1.04866586766021,-1.53156982590737,-0.0191375561629847,0.194412804694836,0.505581023543701,-0.315526104104948
0.540788119511322,0.0271815487115204,0.245899148114617,-0.751784173068429,-1.3093136049982,0.380419102017681,2.60673198580441,0.251153266025204
0.941956059603979,0.225743528019161,-0.0912014974094287,0.0061963239562466,-1.5513805453669,-0.705908818788791,0.757011914670508,-0.707391797168044
1.20674579330852,-1.56695658169995,0.204187376300499,-0.507282885074998,0.384044382664601,-1.15648578129003,1.94462297907147,-0.295734387207441
-0.00681163855025621,-0.186409489520501,-3.09178503362465,-0.0845423796393241,-2.38633854799978,0.166284203118926,0.612185455190809,-1.13773741557152
-2.07294316276783,-0.654785467270153,0.199207027269762,-1.82195016675397,0.263136411300669,-0.589754318288892,-1.17081573254693,0.921510256522064
0.425498447549878,-0.119046277660626,0.86974014031389,-0.200120924097731,-0.70849585408755,0.210335355128193,-1.47030515132906,-0.947146653243343
-1.56073240773477,0.0101068290181184,-1.10229322844913,-2.03535221440427,0.383910000493843,0.803478067307223,-0.741436789508543,-1.9958187975917
-0.146483003494789,1.12577067580408,-0.422132876544177,-0.595927488224619,-0.0992736105095098,-2.22587738002406,-0.430556293381811,0.975613584779495
0.975246380058355,-0.0358856205695653,-1.05172175463155,1.72522603824032,-0.61547166643252,-0.0303824210861454,0.143361215052778,0.817470415108093
-0.454926570010799,0.623645198790744,-1.19468798163158,-0.440152177797796,0.968566884071244,-1.72958704128491,-0.582620304965432,0.087025402746897
1.47373598117293,-0.411553026320982,-0.0624814623549342,0.0534414445449314,0.659422298111881,1.20069777515124,0.0937672193712452,0.26835862718963
-0.433696929702145,-0.943941883038403,-0.999761997399991,-0.637765730539487,1.93517178982272,-0.632248767527708,0.549184220686505,1.26248913926481
0.0408127330295117,1.5050062972474,1.63940782702253,0.534491295975328,0.882211331395558,-1.04196734797993,-0.0450343696065379,0.216109718734396
2.79717408709321,0.619740826187837,-1.56195665494947,1.74507461377447,0.460339096915239,0.430995652077329,-0.584285278053459,-1.26411437855299
2.33946540798448,0.43871014517115,0.192934974990354,-0.179616939741825,0.110017795594852,1.34936407770224,0.276272613645564,0.579401469322473
-0.620033599491417,1.78532056325659,0.680577961139008,2.18213515008029,-0.0416355128421041,-1.80846760463344,-0.227867064506693,-0.117016968731938
1.51943129335054,-1.51312003814453,-1.14866872967993,0.0446765278059592,1.09111125459761,-0.934696375988976,1.14532842317805,0.0736925874601252
-0.818542108225355,0.103376128456815,-0.0632144079596889,0.648842628855685,0.110504808834476,-1.56133610890277,1.00370181187846,0.993411045627788
1.29107415797282,1.80809891632779,-1.92710427377516,-0.142378914630591,-1.57559082786803,0.288092527856998,-0.17198331172891,0.349215353380495
-1.67019773497624,0.205069991971435,-0.273827506626504,0.297222646721664,-0.750321650914652,-0.941593808464065,0.631121710870406,-0.614552715983677
-1.65960112881904,2.00514499117649,1.22199259551464,1.8076213450357,0.378207476609743,-0.226969707844217,-0.633973641477219,-1.66903209475135
-0.537005874668439,-1.73318708508225,0.391028815596009,1.36925400199873,0.919798170543961,1.45118735502325,0.356458353071812,-0.309823161366156
-1.27462416836462,-2.15916133756285,-0.488715886519693,0.370260872813622,-0.425516316333839,-1.71809978146283,-0.160681791141562,-0.525754044195259
-0.802665037763605,0.588747480712043,-0.340365770255175,0.0866410587210986,0.296096482804459,-0.692437479852273,1.49894511804839,1.52623296105679
1.48600445750369,-0.381988633711789,-0.0584436140316317,1.49538846013416,-0.831458351799021,0.55282583919687,-0.644857913231194,0.863000542327432
0.39900240552556,-0.826852035666634,-0.822015840316942,-0.455520587252407,1.23369601837927,-1.01816634505084,-0.383862017450767,0.808719560525364
-0.330670898134663,-0.461317550546924,0.443958624272142,-0.00314556233758277,-0.00218287453344438,1.34710036282767,0.896538443597257,0.113860450424675
0.751464074624256,-0.13180708956268,-1.69943142819919,-1.28589821641122,0.69541717095525,-0.688877389703441,-1.29794113415779,-1.08349635227136
0.803606322838202,-1.57793014044052,-0.26959760972452,0.896195844257915,-0.877777619821169,-0.104204509009775,0.0499382256447915,1.85161197452258
0.383486419604842,1.37097006245933,-1.54371886819481,-1.11579433557185,2.0893271935727,0.635217677343339,-1.06326371145831,1.21237584909204
0.293038558470267,-1.48335226844477,0.581022074742806,0.181347858422484,0.312135085392771,-1.0829841587105,-1.23855152813368,0.984818598278913
-0.576218272030921,-0.666925485569158,-0.952143624064412,0.811307712012685,0.116302873027826,-1.03290639049696,-0.248220012057082,0.222748807317095
1.02254445735576,0.203303415360314,-0.112117021055493,0.64878201131763,0.610526329900613,-0.815895367077103,0.946223690946877,0.349806146879786
1.19066294582807,-0.478294331634007,-0.248299938636103,-0.832368050035119,-1.5222464402255,-0.0199169211462653,-2.70763839369021,1.0558880080588
0.904328045595898,-0.500463351630954,-0.677322413620186,0.0918854163714771,1.66208484742288,0.708869803293534,0.0155723191945948,1.40778649599578
-0.720789563710731,-1.31149369914681,0.478842584770262,0.357621282670101,0.259735723497471,0.978487902182284,1.50316677541429,0.342523906647704
0.795269473714858,1.48793696930817,-0.551821523939219,-1.43818786884837,0.755084611596552,-0.524554574851274,0.532540525951805,-0.0802203132927651
-1.10858949405972,-1.70240559207279,0.856846754990343,1.59897864689221,0.279666639646068,-0.139958863550597,0.0208308035473676,0.10221078829966
0.326314951368385,-0.722807135457221,-1.24903121245544,0.363095652027645,-0.36816195093681,2.57772951680942,-0.448108009703501,1.40469600384122
-0.409520478877172,0.981344006386596,-0.709112282936902,0.843265515876134,-0.263177159753819,1.17040411734984,-0.469149093417317,1.41881488877242
1.20692287129246,0.974255850089158,0.42461011659621,1.52200527778065,-1.01430515060272,-0.120334410543654,-1.88084334266746,-1.16014863360318
1.39577819627109,0.655472536511245,-0.552763997033784,-0.581160073854639,-0.500859914437633,0.731933414806072,-1.88805361103795,-1.51203960235389
-0.490414500618047,-0.0542463036960307,0.410536939420663,-0.0772183275992515,-0.308820961536468,1.90804336191561,0.524710360492255,0.676675608381609
0.698655929254679,1.02164055584875,0.384688541575069,-0.517905978007283,0.84449950347325,0.849565990967009,0.0888399092266787,-0.865797944134885
-0.065926929604002,-0.21210543933996,0.182390640192629,0.0853789650430568,1.43940365318254,-0.449932828327277,-0.512168683381943,-1.86614946383825
0.317115578164875,-0.0232851350633224,1.53775297419539,-0.225478463033519,-1.02874287186134,0.956602665217001,0.0491563646389155,0.330368154482032
-0.392251636044683,1.02153705269389,0.860274972820871,0.420732356722251,-0.00976403849329289,1.07637937930858,-0.355940331754937,1.59228570454892
-2.26340080847044,-2.40767524061531,-0.254110827508199,-0.994561078625849,1.44089709669021,0.533022747195041,0.782251451050436,1.1136593068227
-0.271127515695289,0.535099377926634,0.400399581479959,-0.302601870837288,-2.16225049840183,1.08692718036538,0.156800253807828,1.59983252623115
-0.620770095814914,0.149409289901923,0.188608159703625,0.928585145511151,0.733049785467264,1.40465718958749,-0.850067158769646,0.636769303500539
-1.89326108194063,-1.32398760004997,1.3302335741889,0.50993473265693,-0.120044904245353,-0.676551468727335,0.0790630105684277,1.02527498918455
-0.0166528595545654,0.188769168059638,-0.728495734686623,1.27370944355363,1.15902436459053,-0.747382831625484,0.595967160170868,0.445537469800666
0.149673405841709,-0.507843917733114,-0.743154573711999,-0.19675384842561,0.102688233832187,0.0651868603020279,-0.132205579679271,0.389430970048182
1.12447427105059,0.407205245910516,1.31689876991093,-0.648598131323614,-1.02033928546766,-0.536459216265065,0.977376236927916,-0.448081803915132
0.322667794831953,1.62305826905978,0.0327702577657471,-2.18053964007004,0.199170385716601,-0.33212822171649,-0.754823277689003,0.953311869994728
-1.10216820791592,2.03534329968383,-0.623657316274289,-0.777309407538099,-0.443240939381668,-0.624363190051349,-1.15917496156048,-0.360463397777343
-0.195228797375096,0.540121358113892,-1.04936356097312,-1.24372077310878,-0.377419818983879,-0.650639534403528,0.978068986097116,0.0706877362309357
0.909046599279872,-0.280754935580552,0.742660940697454,-0.940246179508016,-1.36603946653257,-0.0971379229552161,1.51278418877603,0.780017646421294
0.399148004913879,-2.17998409759895,0.545854121221936,-0.591838445749159,0.0876374845714157,0.243953400230532,1.45524934029492,1.06963282200449
0.123523712739023,-0.502849180784162,0.848839747277777,0.678588504241978,-0.401194729883661,-1.73607493558952,-1.00375245481585,-2.13138061501905
-0.457321488658206,-0.731749218479525,0.263137010355116,1.07626945982428,0.223166855574653,0.612298191687023,0.556244206644638,0.397190993886484
0.981330671722347,0.0181806350133066,-1.57416372544363,0.425443339462744,-1.92091749369744,-0.169573795178451,-2.16304998147981,1.43887129890988
0.186237939183329,0.793433891545514,0.798179696528133,-0.670771161351651,-1.92981522919539,0.0338436589864883,-0.536912859203859,0.344448428255357
0.883464352281014,1.25105405296136,1.55767527571977,-0.0986451943140367,-0.286207127530764,0.161341885819356,0.374021171019534,-0.0827236392422132
-1.29834362166477,-0.916635905897543,-2.08066326382494,-0.566839067288757,-0.440558451970032,-0.885081890858761,0.582274876491177,1.03949419116339
0.21548373292914,0.598336871592385,0.10301214864645,-0.291719090822451,0.516262618454978,0.54645068531803,-0.957391676216432,1.49034321803244
2.45521072921106,-1.06462233703212,-1.10575728122498,0.0696577849757716,-0.291714932180769,-0.187952836013666,0.865264761210193,-1.09531600936339
0.215280531652476,0.20887191406067,-0.94587822626186,0.298310491808611,-0.734742549456431,1.08900654297706,1.93786461641052,0.318146880456514
-0.389675278351286,-1.20866132021592,-0.206820919302138,0.40189619244129,-0.947908121039411,0.695512022869575,2.05097866839722,-1.6607944236797
-0.457942850362406,0.337970215686206,1.10082295170185,-1.44357600623367,-1.64893928723065,0.139765483146335,-1.60309606480714,1.45921697432187
-0.768094042137541,1.63823965418959,-0.591802473146823,0.733887234986714,0.279267859223285,0.984723202226219,2.77208929651436,0.796407945862319
-0.361386431214198,1.26030541156075,-1.34464234869822,0.847819922575645,-0.823029396520504,-1.9863652222862,0.414206501418618,1.46343814147135
2.55388759080373,-0.152177201468559,-0.329530440468603,0.124802648307291,-0.0316036402151989,2.0497913102878,0.736553992181154,-0.728003024250936
-0.159495136665096,-0.204416302933033,-0.589913086085357,0.328406315191757,-0.0701554019301642,1.04100077647397,0.203976097484909,-0.57455398926621
-1.09349088624445,1.52184537725287,-1.6135199724686,0.336066204619802,1.53536557992037,-1.9779208877216,-0.777198237574893,0.436034537018586
-1.32017821170077,1.42885982526585,0.173726818752391,2.25300634497406,-1.60309086585756,-0.253275836403744,-0.984359558050143,-0.512423129791089
-0.280468281994716,0.723447121848925,-3.33119306350282,-0.39042401318033,0.413315588576823,0.12955920061666,-0.450179443304925,-0.242520911300557
1.53878622782428,1.79363325821613,-0.738165871751356,1.29666307139735,-1.16047766955712,-1.45186902660501,0.0201166835583844,0.506655327459146
